p	form_index	Kmax	min_k	represented_ks	count	k	status	decision	nodes	witness	value	gcd	method
59	1	5	2	[2, 3, 4, 5]	4	0	NOT_FOUND	NO_EXACT	6		nothing	nothing	LLL + Fincke-Pohst / Kannan-style ellipsoid search [BigFloat-safe]
59	1	5	2	[2, 3, 4, 5]	4	1	NOT_FOUND	NO_EXACT	6		nothing	nothing	LLL + Fincke-Pohst / Kannan-style ellipsoid search [BigFloat-safe]
59	1	5	2	[2, 3, 4, 5]	4	2	FOUND	YES_EXACT	6	[-1, -1, 0, 0, -1]	16	1	LLL + Fincke-Pohst / Kannan-style ellipsoid search [BigFloat-safe]
59	1	5	2	[2, 3, 4, 5]	4	3	FOUND	YES_EXACT	11	[-3, -1, 1, -1, -1]	64	1	LLL + Fincke-Pohst / Kannan-style ellipsoid search [BigFloat-safe]
59	1	5	2	[2, 3, 4, 5]	4	4	FOUND	YES_EXACT	6	[-6, -3, -1, -1, -3]	256	1	LLL + Fincke-Pohst / Kannan-style ellipsoid search [BigFloat-safe]
59	1	5	2	[2, 3, 4, 5]	4	5	FOUND	YES_EXACT	12	[-13, -5, 2, -1, -4]	1024	1	LLL + Fincke-Pohst / Kannan-style ellipsoid search [BigFloat-safe]
59	2	5	2	[2, 3, 4, 5]	4	0	NOT_FOUND	NO_EXACT	6		nothing	nothing	LLL + Fincke-Pohst / Kannan-style ellipsoid search [BigFloat-safe]
59	2	5	2	[2, 3, 4, 5]	4	1	NOT_FOUND	NO_EXACT	6		nothing	nothing	LLL + Fincke-Pohst / Kannan-style ellipsoid search [BigFloat-safe]
59	2	5	2	[2, 3, 4, 5]	4	2	FOUND	YES_EXACT	9	[-1, 1, 0, 0, 1]	16	1	LLL + Fincke-Pohst / Kannan-style ellipsoid search [BigFloat-safe]
59	2	5	2	[2, 3, 4, 5]	4	3	FOUND	YES_EXACT	9	[-3, 1, 0, 0, 1]	64	1	LLL + Fincke-Pohst / Kannan-style ellipsoid search [BigFloat-safe]
59	2	5	2	[2, 3, 4, 5]	4	4	FOUND	YES_EXACT	7	[-7, 4, 1, 1, 0]	256	1	LLL + Fincke-Pohst / Kannan-style ellipsoid search [BigFloat-safe]
59	2	5	2	[2, 3, 4, 5]	4	5	FOUND	YES_EXACT	9	[-14, 6, 1, 3, 0]	1024	1	LLL + Fincke-Pohst / Kannan-style ellipsoid search [BigFloat-safe]
59	3	5	2	[2, 3, 4, 5]	4	0	NOT_FOUND	NO_EXACT	6		nothing	nothing	LLL + Fincke-Pohst / Kannan-style ellipsoid search [BigFloat-safe]
59	3	5	2	[2, 3, 4, 5]	4	1	NOT_FOUND	NO_EXACT	6		nothing	nothing	LLL + Fincke-Pohst / Kannan-style ellipsoid search [BigFloat-safe]
59	3	5	2	[2, 3, 4, 5]	4	2	FOUND	YES_EXACT	6	[0, 0, 0, 0, -1]	16	1	LLL + Fincke-Pohst / Kannan-style ellipsoid search [BigFloat-safe]
59	3	5	2	[2, 3, 4, 5]	4	3	FOUND	YES_EXACT	6	[0, 0, 0, -1, -2]	64	1	LLL + Fincke-Pohst / Kannan-style ellipsoid search [BigFloat-safe]
59	3	5	2	[2, 3, 4, 5]	4	4	FOUND	YES_EXACT	6	[1, 0, -1, -1, -4]	256	1	LLL + Fincke-Pohst / Kannan-style ellipsoid search [BigFloat-safe]
59	3	5	2	[2, 3, 4, 5]	4	5	FOUND	YES_EXACT	6	[2, -2, -2, -3, -8]	1024	1	LLL + Fincke-Pohst / Kannan-style ellipsoid search [BigFloat-safe]
59	4	5	2	[2, 3, 4, 5]	4	0	NOT_FOUND	NO_EXACT	6		nothing	nothing	LLL + Fincke-Pohst / Kannan-style ellipsoid search [BigFloat-safe]
59	4	5	2	[2, 3, 4, 5]	4	1	NOT_FOUND	NO_EXACT	6		nothing	nothing	LLL + Fincke-Pohst / Kannan-style ellipsoid search [BigFloat-safe]
59	4	5	2	[2, 3, 4, 5]	4	2	FOUND	YES_EXACT	8	[0, 0, 0, -1, 0]	16	1	LLL + Fincke-Pohst / Kannan-style ellipsoid search [BigFloat-safe]
59	4	5	2	[2, 3, 4, 5]	4	3	FOUND	YES_EXACT	6	[-3, 2, 2, -2, -1]	64	1	LLL + Fincke-Pohst / Kannan-style ellipsoid search [BigFloat-safe]
59	4	5	2	[2, 3, 4, 5]	4	4	FOUND	YES_EXACT	6	[-6, 5, 4, -4, -3]	256	1	LLL + Fincke-Pohst / Kannan-style ellipsoid search [BigFloat-safe]
59	4	5	2	[2, 3, 4, 5]	4	5	FOUND	YES_EXACT	9	[-9, 9, 6, -9, -4]	1024	1	LLL + Fincke-Pohst / Kannan-style ellipsoid search [BigFloat-safe]
59	5	5	2	[2, 3, 4, 5]	4	0	NOT_FOUND	NO_EXACT	6		nothing	nothing	LLL + Fincke-Pohst / Kannan-style ellipsoid search [BigFloat-safe]
59	5	5	2	[2, 3, 4, 5]	4	1	NOT_FOUND	NO_EXACT	6		nothing	nothing	LLL + Fincke-Pohst / Kannan-style ellipsoid search [BigFloat-safe]
59	5	5	2	[2, 3, 4, 5]	4	2	FOUND	YES_EXACT	6	[0, -1, 0, 0, -1]	16	1	LLL + Fincke-Pohst / Kannan-style ellipsoid search [BigFloat-safe]
59	5	5	2	[2, 3, 4, 5]	4	3	FOUND	YES_EXACT	6	[0, 0, 0, -1, -2]	64	1	LLL + Fincke-Pohst / Kannan-style ellipsoid search [BigFloat-safe]
59	5	5	2	[2, 3, 4, 5]	4	4	FOUND	YES_EXACT	10	[1, 0, 0, -2, -4]	256	1	LLL + Fincke-Pohst / Kannan-style ellipsoid search [BigFloat-safe]
59	5	5	2	[2, 3, 4, 5]	4	5	FOUND	YES_EXACT	6	[0, -3, -2, -1, -9]	1024	1	LLL + Fincke-Pohst / Kannan-style ellipsoid search [BigFloat-safe]
59	6	5	1	[1, 2, 3, 4, 5]	5	0	NOT_FOUND	NO_EXACT	6		nothing	nothing	LLL + Fincke-Pohst / Kannan-style ellipsoid search [BigFloat-safe]
59	6	5	1	[1, 2, 3, 4, 5]	5	1	FOUND	YES_EXACT	6	[-1, 0, 0, 0, 0]	4	1	LLL + Fincke-Pohst / Kannan-style ellipsoid search [BigFloat-safe]
59	6	5	1	[1, 2, 3, 4, 5]	5	2	FOUND	YES_EXACT	8	[-1, 0, -1, 0, 0]	16	1	LLL + Fincke-Pohst / Kannan-style ellipsoid search [BigFloat-safe]
59	6	5	1	[1, 2, 3, 4, 5]	5	3	FOUND	YES_EXACT	6	[0, 0, -2, -2, -1]	64	1	LLL + Fincke-Pohst / Kannan-style ellipsoid search [BigFloat-safe]
59	6	5	1	[1, 2, 3, 4, 5]	5	4	FOUND	YES_EXACT	6	[1, 0, -5, -2, -2]	256	1	LLL + Fincke-Pohst / Kannan-style ellipsoid search [BigFloat-safe]
59	6	5	1	[1, 2, 3, 4, 5]	5	5	FOUND	YES_EXACT	53	[2, 2, -10, -3, -5]	1024	1	LLL + Fincke-Pohst / Kannan-style ellipsoid search [BigFloat-safe]
59	7	5	1	[1, 2, 3, 4, 5]	5	0	NOT_FOUND	NO_EXACT	6		nothing	nothing	LLL + Fincke-Pohst / Kannan-style ellipsoid search [BigFloat-safe]
59	7	5	1	[1, 2, 3, 4, 5]	5	1	FOUND	YES_EXACT	6	[-1, 0, 0, 0, 0]	4	1	LLL + Fincke-Pohst / Kannan-style ellipsoid search [BigFloat-safe]
59	7	5	1	[1, 2, 3, 4, 5]	5	2	FOUND	YES_EXACT	6	[-1, 0, 0, -1, 0]	16	1	LLL + Fincke-Pohst / Kannan-style ellipsoid search [BigFloat-safe]
59	7	5	1	[1, 2, 3, 4, 5]	5	3	FOUND	YES_EXACT	6	[-1, 0, 0, -2, -1]	64	1	LLL + Fincke-Pohst / Kannan-style ellipsoid search [BigFloat-safe]
59	7	5	1	[1, 2, 3, 4, 5]	5	4	FOUND	YES_EXACT	6	[-1, 0, 0, -3, -3]	256	1	LLL + Fincke-Pohst / Kannan-style ellipsoid search [BigFloat-safe]
59	7	5	1	[1, 2, 3, 4, 5]	5	5	FOUND	YES_EXACT	6	[0, -1, -1, -3, -7]	1024	1	LLL + Fincke-Pohst / Kannan-style ellipsoid search [BigFloat-safe]
59	8	5	2	[2, 3, 4, 5]	4	0	NOT_FOUND	NO_EXACT	6		nothing	nothing	LLL + Fincke-Pohst / Kannan-style ellipsoid search [BigFloat-safe]
59	8	5	2	[2, 3, 4, 5]	4	1	NOT_FOUND	NO_EXACT	6		nothing	nothing	LLL + Fincke-Pohst / Kannan-style ellipsoid search [BigFloat-safe]
59	8	5	2	[2, 3, 4, 5]	4	2	FOUND	YES_EXACT	9	[-1, -1, -1, 0, 0]	16	1	LLL + Fincke-Pohst / Kannan-style ellipsoid search [BigFloat-safe]
59	8	5	2	[2, 3, 4, 5]	4	3	FOUND	YES_EXACT	6	[1, -2, -2, -1, -1]	64	1	LLL + Fincke-Pohst / Kannan-style ellipsoid search [BigFloat-safe]
59	8	5	2	[2, 3, 4, 5]	4	4	FOUND	YES_EXACT	6	[3, -5, -3, -2, -2]	256	1	LLL + Fincke-Pohst / Kannan-style ellipsoid search [BigFloat-safe]
59	8	5	2	[2, 3, 4, 5]	4	5	FOUND	YES_EXACT	9	[4, -8, -4, 0, -5]	1024	1	LLL + Fincke-Pohst / Kannan-style ellipsoid search [BigFloat-safe]
59	9	5	2	[2, 3, 4, 5]	4	0	NOT_FOUND	NO_EXACT	6		nothing	nothing	LLL + Fincke-Pohst / Kannan-style ellipsoid search [BigFloat-safe]
59	9	5	2	[2, 3, 4, 5]	4	1	NOT_FOUND	NO_EXACT	6		nothing	nothing	LLL + Fincke-Pohst / Kannan-style ellipsoid search [BigFloat-safe]
59	9	5	2	[2, 3, 4, 5]	4	2	FOUND	YES_EXACT	6	[-1, -1, -1, -1, -1]	16	1	LLL + Fincke-Pohst / Kannan-style ellipsoid search [BigFloat-safe]
59	9	5	2	[2, 3, 4, 5]	4	3	FOUND	YES_EXACT	9	[0, -3, -1, 0, -1]	64	1	LLL + Fincke-Pohst / Kannan-style ellipsoid search [BigFloat-safe]
59	9	5	2	[2, 3, 4, 5]	4	4	FOUND	YES_EXACT	18	[-3, -6, -2, -1, -2]	256	1	LLL + Fincke-Pohst / Kannan-style ellipsoid search [BigFloat-safe]
59	9	5	2	[2, 3, 4, 5]	4	5	FOUND	YES_EXACT	19	[-6, -12, -6, -2, -7]	1024	1	LLL + Fincke-Pohst / Kannan-style ellipsoid search [BigFloat-safe]
59	10	5	2	[2, 3, 4, 5]	4	0	NOT_FOUND	NO_EXACT	6		nothing	nothing	LLL + Fincke-Pohst / Kannan-style ellipsoid search [BigFloat-safe]
59	10	5	2	[2, 3, 4, 5]	4	1	NOT_FOUND	NO_EXACT	6		nothing	nothing	LLL + Fincke-Pohst / Kannan-style ellipsoid search [BigFloat-safe]
59	10	5	2	[2, 3, 4, 5]	4	2	FOUND	YES_EXACT	10	[1, -1, 0, 0, 0]	16	1	LLL + Fincke-Pohst / Kannan-style ellipsoid search [BigFloat-safe]
59	10	5	2	[2, 3, 4, 5]	4	3	FOUND	YES_EXACT	7	[-2, -1, -1, -1, -1]	64	1	LLL + Fincke-Pohst / Kannan-style ellipsoid search [BigFloat-safe]
59	10	5	2	[2, 3, 4, 5]	4	4	FOUND	YES_EXACT	6	[-1, -1, -2, -1, -3]	256	1	LLL + Fincke-Pohst / Kannan-style ellipsoid search [BigFloat-safe]
59	10	5	2	[2, 3, 4, 5]	4	5	FOUND	YES_EXACT	6	[-3, 2, -1, -3, -7]	1024	1	LLL + Fincke-Pohst / Kannan-style ellipsoid search [BigFloat-safe]
59	11	5	2	[2, 3, 4, 5]	4	0	NOT_FOUND	NO_EXACT	6		nothing	nothing	LLL + Fincke-Pohst / Kannan-style ellipsoid search [BigFloat-safe]
59	11	5	2	[2, 3, 4, 5]	4	1	NOT_FOUND	NO_EXACT	6		nothing	nothing	LLL + Fincke-Pohst / Kannan-style ellipsoid search [BigFloat-safe]
59	11	5	2	[2, 3, 4, 5]	4	2	FOUND	YES_EXACT	6	[0, 0, 0, 0, -1]	16	1	LLL + Fincke-Pohst / Kannan-style ellipsoid search [BigFloat-safe]
59	11	5	2	[2, 3, 4, 5]	4	3	FOUND	YES_EXACT	6	[-1, -1, 0, 0, -2]	64	1	LLL + Fincke-Pohst / Kannan-style ellipsoid search [BigFloat-safe]
59	11	5	2	[2, 3, 4, 5]	4	4	FOUND	YES_EXACT	13	[0, -1, -1, -1, -4]	256	1	LLL + Fincke-Pohst / Kannan-style ellipsoid search [BigFloat-safe]
59	11	5	2	[2, 3, 4, 5]	4	5	FOUND	YES_EXACT	6	[-2, -4, 0, -1, -8]	1024	1	LLL + Fincke-Pohst / Kannan-style ellipsoid search [BigFloat-safe]
59	12	5	2	[2, 3, 4, 5]	4	0	NOT_FOUND	NO_EXACT	6		nothing	nothing	LLL + Fincke-Pohst / Kannan-style ellipsoid search [BigFloat-safe]
59	12	5	2	[2, 3, 4, 5]	4	1	NOT_FOUND	NO_EXACT	6		nothing	nothing	LLL + Fincke-Pohst / Kannan-style ellipsoid search [BigFloat-safe]
59	12	5	2	[2, 3, 4, 5]	4	2	FOUND	YES_EXACT	6	[0, 0, 0, 0, -1]	16	1	LLL + Fincke-Pohst / Kannan-style ellipsoid search [BigFloat-safe]
59	12	5	2	[2, 3, 4, 5]	4	3	FOUND	YES_EXACT	8	[0, 1, 0, 0, -2]	64	1	LLL + Fincke-Pohst / Kannan-style ellipsoid search [BigFloat-safe]
59	12	5	2	[2, 3, 4, 5]	4	4	FOUND	YES_EXACT	17	[1, 0, 1, 0, -4]	256	1	LLL + Fincke-Pohst / Kannan-style ellipsoid search [BigFloat-safe]
59	12	5	2	[2, 3, 4, 5]	4	5	FOUND	YES_EXACT	6	[-1, 2, 0, -1, -8]	1024	1	LLL + Fincke-Pohst / Kannan-style ellipsoid search [BigFloat-safe]
59	13	5	1	[1, 2, 3, 4, 5]	5	0	NOT_FOUND	NO_EXACT	6		nothing	nothing	LLL + Fincke-Pohst / Kannan-style ellipsoid search [BigFloat-safe]
59	13	5	1	[1, 2, 3, 4, 5]	5	1	FOUND	YES_EXACT	6	[-1, 0, 0, 0, 0]	4	1	LLL + Fincke-Pohst / Kannan-style ellipsoid search [BigFloat-safe]
59	13	5	1	[1, 2, 3, 4, 5]	5	2	FOUND	YES_EXACT	6	[-1, -1, -1, 0, 0]	16	1	LLL + Fincke-Pohst / Kannan-style ellipsoid search [BigFloat-safe]
59	13	5	1	[1, 2, 3, 4, 5]	5	3	FOUND	YES_EXACT	236	[0, -3, 0, 1, 0]	64	1	LLL + Fincke-Pohst / Kannan-style ellipsoid search [BigFloat-safe]
59	13	5	1	[1, 2, 3, 4, 5]	5	4	FOUND	YES_EXACT	766	[1, -4, -1, 2, -2]	256	1	LLL + Fincke-Pohst / Kannan-style ellipsoid search [BigFloat-safe]
59	13	5	1	[1, 2, 3, 4, 5]	5	5	FOUND	YES_EXACT	499	[-1, -4, -1, 2, -6]	1024	1	LLL + Fincke-Pohst / Kannan-style ellipsoid search [BigFloat-safe]
59	14	5	2	[2, 3, 4, 5]	4	0	NOT_FOUND	NO_EXACT	6		nothing	nothing	LLL + Fincke-Pohst / Kannan-style ellipsoid search [BigFloat-safe]
59	14	5	2	[2, 3, 4, 5]	4	1	NOT_FOUND	NO_EXACT	6		nothing	nothing	LLL + Fincke-Pohst / Kannan-style ellipsoid search [BigFloat-safe]
59	14	5	2	[2, 3, 4, 5]	4	2	FOUND	YES_EXACT	7	[1, 0, 0, -1, 0]	16	1	LLL + Fincke-Pohst / Kannan-style ellipsoid search [BigFloat-safe]
59	14	5	2	[2, 3, 4, 5]	4	3	FOUND	YES_EXACT	17	[2, 1, -1, -2, 0]	64	1	LLL + Fincke-Pohst / Kannan-style ellipsoid search [BigFloat-safe]
59	14	5	2	[2, 3, 4, 5]	4	4	FOUND	YES_EXACT	10	[1, 0, 0, -5, 2]	256	1	LLL + Fincke-Pohst / Kannan-style ellipsoid search [BigFloat-safe]
59	14	5	2	[2, 3, 4, 5]	4	5	FOUND	YES_EXACT	32	[5, 2, -1, -10, 3]	1024	1	LLL + Fincke-Pohst / Kannan-style ellipsoid search [BigFloat-safe]
59	15	5	2	[2, 3, 4, 5]	4	0	NOT_FOUND	NO_EXACT	6		nothing	nothing	LLL + Fincke-Pohst / Kannan-style ellipsoid search [BigFloat-safe]
59	15	5	2	[2, 3, 4, 5]	4	1	NOT_FOUND	NO_EXACT	6		nothing	nothing	LLL + Fincke-Pohst / Kannan-style ellipsoid search [BigFloat-safe]
59	15	5	2	[2, 3, 4, 5]	4	2	FOUND	YES_EXACT	6	[0, -1, 0, -1, 0]	16	1	LLL + Fincke-Pohst / Kannan-style ellipsoid search [BigFloat-safe]
59	15	5	2	[2, 3, 4, 5]	4	3	FOUND	YES_EXACT	8	[-1, -2, 0, -2, 0]	64	1	LLL + Fincke-Pohst / Kannan-style ellipsoid search [BigFloat-safe]
59	15	5	2	[2, 3, 4, 5]	4	4	FOUND	YES_EXACT	9	[1, 0, -1, -5, 2]	256	1	LLL + Fincke-Pohst / Kannan-style ellipsoid search [BigFloat-safe]
59	15	5	2	[2, 3, 4, 5]	4	5	FOUND	YES_EXACT	16	[2, -3, -2, -10, 3]	1024	1	LLL + Fincke-Pohst / Kannan-style ellipsoid search [BigFloat-safe]
59	16	5	2	[2, 3, 4, 5]	4	0	NOT_FOUND	NO_EXACT	6		nothing	nothing	LLL + Fincke-Pohst / Kannan-style ellipsoid search [BigFloat-safe]
59	16	5	2	[2, 3, 4, 5]	4	1	NOT_FOUND	NO_EXACT	6		nothing	nothing	LLL + Fincke-Pohst / Kannan-style ellipsoid search [BigFloat-safe]
59	16	5	2	[2, 3, 4, 5]	4	2	FOUND	YES_EXACT	10	[0, 1, 0, -1, 0]	16	1	LLL + Fincke-Pohst / Kannan-style ellipsoid search [BigFloat-safe]
59	16	5	2	[2, 3, 4, 5]	4	3	FOUND	YES_EXACT	6	[0, -2, 0, -1, -1]	64	1	LLL + Fincke-Pohst / Kannan-style ellipsoid search [BigFloat-safe]
59	16	5	2	[2, 3, 4, 5]	4	4	FOUND	YES_EXACT	6	[-1, -3, -1, -1, -3]	256	1	LLL + Fincke-Pohst / Kannan-style ellipsoid search [BigFloat-safe]
59	16	5	2	[2, 3, 4, 5]	4	5	FOUND	YES_EXACT	6	[-3, -3, 1, 0, -7]	1024	1	LLL + Fincke-Pohst / Kannan-style ellipsoid search [BigFloat-safe]
59	17	5	2	[2, 3, 4, 5]	4	0	NOT_FOUND	NO_EXACT	6		nothing	nothing	LLL + Fincke-Pohst / Kannan-style ellipsoid search [BigFloat-safe]
59	17	5	2	[2, 3, 4, 5]	4	1	NOT_FOUND	NO_EXACT	6		nothing	nothing	LLL + Fincke-Pohst / Kannan-style ellipsoid search [BigFloat-safe]
59	17	5	2	[2, 3, 4, 5]	4	2	FOUND	YES_EXACT	6	[-1, -1, 0, -1, 0]	16	1	LLL + Fincke-Pohst / Kannan-style ellipsoid search [BigFloat-safe]
59	17	5	2	[2, 3, 4, 5]	4	3	FOUND	YES_EXACT	6	[-1, 0, -1, -1, -1]	64	1	LLL + Fincke-Pohst / Kannan-style ellipsoid search [BigFloat-safe]
59	17	5	2	[2, 3, 4, 5]	4	4	FOUND	YES_EXACT	43	[-3, -3, 0, -2, -2]	256	1	LLL + Fincke-Pohst / Kannan-style ellipsoid search [BigFloat-safe]
59	17	5	2	[2, 3, 4, 5]	4	5	FOUND	YES_EXACT	6	[-2, -1, -1, -5, -4]	1024	1	LLL + Fincke-Pohst / Kannan-style ellipsoid search [BigFloat-safe]
59	18	5	2	[2, 3, 4, 5]	4	0	NOT_FOUND	NO_EXACT	6		nothing	nothing	LLL + Fincke-Pohst / Kannan-style ellipsoid search [BigFloat-safe]
59	18	5	2	[2, 3, 4, 5]	4	1	NOT_FOUND	NO_EXACT	6		nothing	nothing	LLL + Fincke-Pohst / Kannan-style ellipsoid search [BigFloat-safe]
59	18	5	2	[2, 3, 4, 5]	4	2	FOUND	YES_EXACT	11	[1, 0, -1, -1, 0]	16	1	LLL + Fincke-Pohst / Kannan-style ellipsoid search [BigFloat-safe]
59	18	5	2	[2, 3, 4, 5]	4	3	FOUND	YES_EXACT	7	[-1, 1, 0, -1, -2]	64	1	LLL + Fincke-Pohst / Kannan-style ellipsoid search [BigFloat-safe]
59	18	5	2	[2, 3, 4, 5]	4	4	FOUND	YES_EXACT	7	[-1, 1, 0, -3, -4]	256	1	LLL + Fincke-Pohst / Kannan-style ellipsoid search [BigFloat-safe]
59	18	5	2	[2, 3, 4, 5]	4	5	FOUND	YES_EXACT	7	[-2, 1, -1, -6, -8]	1024	1	LLL + Fincke-Pohst / Kannan-style ellipsoid search [BigFloat-safe]
59	19	5	1	[1, 2, 3, 4, 5]	5	0	NOT_FOUND	NO_EXACT	6		nothing	nothing	LLL + Fincke-Pohst / Kannan-style ellipsoid search [BigFloat-safe]
59	19	5	1	[1, 2, 3, 4, 5]	5	1	FOUND	YES_EXACT	6	[-1, 0, 0, 0, 0]	4	1	LLL + Fincke-Pohst / Kannan-style ellipsoid search [BigFloat-safe]
59	19	5	1	[1, 2, 3, 4, 5]	5	2	FOUND	YES_EXACT	6	[0, 0, 0, -1, 0]	16	1	LLL + Fincke-Pohst / Kannan-style ellipsoid search [BigFloat-safe]
59	19	5	1	[1, 2, 3, 4, 5]	5	3	FOUND	YES_EXACT	6	[0, -1, -1, -2, -1]	64	1	LLL + Fincke-Pohst / Kannan-style ellipsoid search [BigFloat-safe]
59	19	5	1	[1, 2, 3, 4, 5]	5	4	FOUND	YES_EXACT	6	[-3, -1, -2, -3, -3]	256	1	LLL + Fincke-Pohst / Kannan-style ellipsoid search [BigFloat-safe]
59	19	5	1	[1, 2, 3, 4, 5]	5	5	FOUND	YES_EXACT	6	[-4, -3, -2, -5, -7]	1024	1	LLL + Fincke-Pohst / Kannan-style ellipsoid search [BigFloat-safe]
59	20	5	1	[1, 2, 3, 4, 5]	5	0	NOT_FOUND	NO_EXACT	6		nothing	nothing	LLL + Fincke-Pohst / Kannan-style ellipsoid search [BigFloat-safe]
59	20	5	1	[1, 2, 3, 4, 5]	5	1	FOUND	YES_EXACT	6	[-1, 0, 0, 0, 0]	4	1	LLL + Fincke-Pohst / Kannan-style ellipsoid search [BigFloat-safe]
59	20	5	1	[1, 2, 3, 4, 5]	5	2	FOUND	YES_EXACT	6	[-1, 0, -1, -1, 0]	16	1	LLL + Fincke-Pohst / Kannan-style ellipsoid search [BigFloat-safe]
59	20	5	1	[1, 2, 3, 4, 5]	5	3	FOUND	YES_EXACT	246	[-1, -1, -2, -2, 0]	64	1	LLL + Fincke-Pohst / Kannan-style ellipsoid search [BigFloat-safe]
59	20	5	1	[1, 2, 3, 4, 5]	5	4	FOUND	YES_EXACT	826	[-1, 0, 1, -4, -2]	256	1	LLL + Fincke-Pohst / Kannan-style ellipsoid search [BigFloat-safe]
59	20	5	1	[1, 2, 3, 4, 5]	5	5	FOUND	YES_EXACT	427	[-6, 4, -2, -7, -6]	1024	1	LLL + Fincke-Pohst / Kannan-style ellipsoid search [BigFloat-safe]
59	21	5	1	[1, 2, 3, 4, 5]	5	0	NOT_FOUND	NO_EXACT	6		nothing	nothing	LLL + Fincke-Pohst / Kannan-style ellipsoid search [BigFloat-safe]
59	21	5	1	[1, 2, 3, 4, 5]	5	1	FOUND	YES_EXACT	6	[-1, 0, 0, 0, 0]	4	1	LLL + Fincke-Pohst / Kannan-style ellipsoid search [BigFloat-safe]
59	21	5	1	[1, 2, 3, 4, 5]	5	2	FOUND	YES_EXACT	6	[-1, 0, -1, 0, 0]	16	1	LLL + Fincke-Pohst / Kannan-style ellipsoid search [BigFloat-safe]
59	21	5	1	[1, 2, 3, 4, 5]	5	3	FOUND	YES_EXACT	35	[0, -1, -2, 1, 0]	64	1	LLL + Fincke-Pohst / Kannan-style ellipsoid search [BigFloat-safe]
59	21	5	1	[1, 2, 3, 4, 5]	5	4	FOUND	YES_EXACT	6	[-1, 1, -5, 1, -1]	256	1	LLL + Fincke-Pohst / Kannan-style ellipsoid search [BigFloat-safe]
59	21	5	1	[1, 2, 3, 4, 5]	5	5	FOUND	YES_EXACT	6	[1, 1, -10, 1, -2]	1024	1	LLL + Fincke-Pohst / Kannan-style ellipsoid search [BigFloat-safe]
59	22	5	1	[1, 2, 3, 4, 5]	5	0	NOT_FOUND	NO_EXACT	6		nothing	nothing	LLL + Fincke-Pohst / Kannan-style ellipsoid search [BigFloat-safe]
59	22	5	1	[1, 2, 3, 4, 5]	5	1	FOUND	YES_EXACT	6	[-1, 0, 0, 0, 0]	4	1	LLL + Fincke-Pohst / Kannan-style ellipsoid search [BigFloat-safe]
59	22	5	1	[1, 2, 3, 4, 5]	5	2	FOUND	YES_EXACT	14	[0, 0, 1, -1, 0]	16	1	LLL + Fincke-Pohst / Kannan-style ellipsoid search [BigFloat-safe]
59	22	5	1	[1, 2, 3, 4, 5]	5	3	FOUND	YES_EXACT	9	[0, -2, 0, -1, -1]	64	1	LLL + Fincke-Pohst / Kannan-style ellipsoid search [BigFloat-safe]
59	22	5	1	[1, 2, 3, 4, 5]	5	4	FOUND	YES_EXACT	8	[1, -3, 0, -3, -2]	256	1	LLL + Fincke-Pohst / Kannan-style ellipsoid search [BigFloat-safe]
59	22	5	1	[1, 2, 3, 4, 5]	5	5	FOUND	YES_EXACT	55	[-2, -3, -3, -3, -5]	1024	1	LLL + Fincke-Pohst / Kannan-style ellipsoid search [BigFloat-safe]
59	23	5	1	[1, 2, 3, 4, 5]	5	0	NOT_FOUND	NO_EXACT	6		nothing	nothing	LLL + Fincke-Pohst / Kannan-style ellipsoid search [BigFloat-safe]
59	23	5	1	[1, 2, 3, 4, 5]	5	1	FOUND	YES_EXACT	6	[-1, 0, 0, 0, 0]	4	1	LLL + Fincke-Pohst / Kannan-style ellipsoid search [BigFloat-safe]
59	23	5	1	[1, 2, 3, 4, 5]	5	2	FOUND	YES_EXACT	6	[0, -1, 0, -1, 0]	16	1	LLL + Fincke-Pohst / Kannan-style ellipsoid search [BigFloat-safe]
59	23	5	1	[1, 2, 3, 4, 5]	5	3	FOUND	YES_EXACT	11	[-1, 0, 0, -2, 0]	64	1	LLL + Fincke-Pohst / Kannan-style ellipsoid search [BigFloat-safe]
59	23	5	1	[1, 2, 3, 4, 5]	5	4	FOUND	YES_EXACT	90	[-3, -1, 3, -4, 0]	256	1	LLL + Fincke-Pohst / Kannan-style ellipsoid search [BigFloat-safe]
59	23	5	1	[1, 2, 3, 4, 5]	5	5	FOUND	YES_EXACT	39	[-3, -6, 1, -9, 2]	1024	1	LLL + Fincke-Pohst / Kannan-style ellipsoid search [BigFloat-safe]
59	24	5	1	[1, 2, 3, 4, 5]	5	0	NOT_FOUND	NO_EXACT	6		nothing	nothing	LLL + Fincke-Pohst / Kannan-style ellipsoid search [BigFloat-safe]
59	24	5	1	[1, 2, 3, 4, 5]	5	1	FOUND	YES_EXACT	6	[-1, 0, 0, 0, 0]	4	1	LLL + Fincke-Pohst / Kannan-style ellipsoid search [BigFloat-safe]
59	24	5	1	[1, 2, 3, 4, 5]	5	2	FOUND	YES_EXACT	7	[0, 0, 0, -1, 0]	16	1	LLL + Fincke-Pohst / Kannan-style ellipsoid search [BigFloat-safe]
59	24	5	1	[1, 2, 3, 4, 5]	5	3	FOUND	YES_EXACT	7	[-1, 0, 1, 1, -2]	64	1	LLL + Fincke-Pohst / Kannan-style ellipsoid search [BigFloat-safe]
59	24	5	1	[1, 2, 3, 4, 5]	5	4	FOUND	YES_EXACT	6	[-1, -2, 0, 1, -4]	256	1	LLL + Fincke-Pohst / Kannan-style ellipsoid search [BigFloat-safe]
59	24	5	1	[1, 2, 3, 4, 5]	5	5	FOUND	YES_EXACT	6	[-1, -2, 0, 1, -8]	1024	1	LLL + Fincke-Pohst / Kannan-style ellipsoid search [BigFloat-safe]
59	25	5	2	[2, 3, 4, 5]	4	0	NOT_FOUND	NO_EXACT	6		nothing	nothing	LLL + Fincke-Pohst / Kannan-style ellipsoid search [BigFloat-safe]
59	25	5	2	[2, 3, 4, 5]	4	1	NOT_FOUND	NO_EXACT	6		nothing	nothing	LLL + Fincke-Pohst / Kannan-style ellipsoid search [BigFloat-safe]
59	25	5	2	[2, 3, 4, 5]	4	2	FOUND	YES_EXACT	6	[0, 0, 0, -1, 0]	16	1	LLL + Fincke-Pohst / Kannan-style ellipsoid search [BigFloat-safe]
59	25	5	2	[2, 3, 4, 5]	4	3	FOUND	YES_EXACT	6	[-1, -2, 0, -2, -1]	64	1	LLL + Fincke-Pohst / Kannan-style ellipsoid search [BigFloat-safe]
59	25	5	2	[2, 3, 4, 5]	4	4	FOUND	YES_EXACT	6	[-1, -3, -1, -4, -3]	256	1	LLL + Fincke-Pohst / Kannan-style ellipsoid search [BigFloat-safe]
59	25	5	2	[2, 3, 4, 5]	4	5	FOUND	YES_EXACT	35	[-1, -3, 0, -9, -5]	1024	1	LLL + Fincke-Pohst / Kannan-style ellipsoid search [BigFloat-safe]
59	26	5	2	[2, 3, 4, 5]	4	0	NOT_FOUND	NO_EXACT	6		nothing	nothing	LLL + Fincke-Pohst / Kannan-style ellipsoid search [BigFloat-safe]
59	26	5	2	[2, 3, 4, 5]	4	1	NOT_FOUND	NO_EXACT	6		nothing	nothing	LLL + Fincke-Pohst / Kannan-style ellipsoid search [BigFloat-safe]
59	26	5	2	[2, 3, 4, 5]	4	2	FOUND	YES_EXACT	13	[-1, 0, -1, 1, 0]	16	1	LLL + Fincke-Pohst / Kannan-style ellipsoid search [BigFloat-safe]
59	26	5	2	[2, 3, 4, 5]	4	3	FOUND	YES_EXACT	6	[-1, -2, -1, 1, -1]	64	1	LLL + Fincke-Pohst / Kannan-style ellipsoid search [BigFloat-safe]
59	26	5	2	[2, 3, 4, 5]	4	4	FOUND	YES_EXACT	7	[-3, -4, 0, 2, -2]	256	1	LLL + Fincke-Pohst / Kannan-style ellipsoid search [BigFloat-safe]
59	26	5	2	[2, 3, 4, 5]	4	5	FOUND	YES_EXACT	6	[-4, -4, -2, 1, -5]	1024	1	LLL + Fincke-Pohst / Kannan-style ellipsoid search [BigFloat-safe]
59	27	5	2	[2, 3, 4, 5]	4	0	NOT_FOUND	NO_EXACT	6		nothing	nothing	LLL + Fincke-Pohst / Kannan-style ellipsoid search [BigFloat-safe]
59	27	5	2	[2, 3, 4, 5]	4	1	NOT_FOUND	NO_EXACT	6		nothing	nothing	LLL + Fincke-Pohst / Kannan-style ellipsoid search [BigFloat-safe]
59	27	5	2	[2, 3, 4, 5]	4	2	FOUND	YES_EXACT	7	[-1, 0, 0, -1, 0]	16	1	LLL + Fincke-Pohst / Kannan-style ellipsoid search [BigFloat-safe]
59	27	5	2	[2, 3, 4, 5]	4	3	FOUND	YES_EXACT	8	[-2, -1, 0, -2, -1]	64	1	LLL + Fincke-Pohst / Kannan-style ellipsoid search [BigFloat-safe]
59	27	5	2	[2, 3, 4, 5]	4	4	FOUND	YES_EXACT	11	[-2, 0, -1, -5, -2]	256	1	LLL + Fincke-Pohst / Kannan-style ellipsoid search [BigFloat-safe]
59	27	5	2	[2, 3, 4, 5]	4	5	FOUND	YES_EXACT	6	[-5, -1, 0, -10, -5]	1024	1	LLL + Fincke-Pohst / Kannan-style ellipsoid search [BigFloat-safe]
59	28	5	2	[2, 3, 4, 5]	4	0	NOT_FOUND	NO_EXACT	6		nothing	nothing	LLL + Fincke-Pohst / Kannan-style ellipsoid search [BigFloat-safe]
59	28	5	2	[2, 3, 4, 5]	4	1	NOT_FOUND	NO_EXACT	6		nothing	nothing	LLL + Fincke-Pohst / Kannan-style ellipsoid search [BigFloat-safe]
59	28	5	2	[2, 3, 4, 5]	4	2	FOUND	YES_EXACT	7	[0, 0, 0, 1, -1]	16	1	LLL + Fincke-Pohst / Kannan-style ellipsoid search [BigFloat-safe]
59	28	5	2	[2, 3, 4, 5]	4	3	FOUND	YES_EXACT	6	[0, 0, -2, 1, -2]	64	1	LLL + Fincke-Pohst / Kannan-style ellipsoid search [BigFloat-safe]
59	28	5	2	[2, 3, 4, 5]	4	4	FOUND	YES_EXACT	7	[1, 0, -4, 2, -4]	256	1	LLL + Fincke-Pohst / Kannan-style ellipsoid search [BigFloat-safe]
59	28	5	2	[2, 3, 4, 5]	4	5	FOUND	YES_EXACT	14	[1, 1, -5, 5, -9]	1024	1	LLL + Fincke-Pohst / Kannan-style ellipsoid search [BigFloat-safe]
59	29	5	1	[1, 2, 3, 4, 5]	5	0	NOT_FOUND	NO_EXACT	6		nothing	nothing	LLL + Fincke-Pohst / Kannan-style ellipsoid search [BigFloat-safe]
59	29	5	1	[1, 2, 3, 4, 5]	5	1	FOUND	YES_EXACT	6	[-1, 0, 0, 0, 0]	4	1	LLL + Fincke-Pohst / Kannan-style ellipsoid search [BigFloat-safe]
59	29	5	1	[1, 2, 3, 4, 5]	5	2	FOUND	YES_EXACT	13	[-1, -1, -1, 0, 0]	16	1	LLL + Fincke-Pohst / Kannan-style ellipsoid search [BigFloat-safe]
59	29	5	1	[1, 2, 3, 4, 5]	5	3	FOUND	YES_EXACT	9	[0, 0, 1, 0, -2]	64	1	LLL + Fincke-Pohst / Kannan-style ellipsoid search [BigFloat-safe]
59	29	5	1	[1, 2, 3, 4, 5]	5	4	FOUND	YES_EXACT	6	[0, 0, 1, -2, -4]	256	1	LLL + Fincke-Pohst / Kannan-style ellipsoid search [BigFloat-safe]
59	29	5	1	[1, 2, 3, 4, 5]	5	5	FOUND	YES_EXACT	21	[2, 3, 2, -4, -8]	1024	1	LLL + Fincke-Pohst / Kannan-style ellipsoid search [BigFloat-safe]
59	30	5	1	[1, 2, 3, 4, 5]	5	0	NOT_FOUND	NO_EXACT	6		nothing	nothing	LLL + Fincke-Pohst / Kannan-style ellipsoid search [BigFloat-safe]
59	30	5	1	[1, 2, 3, 4, 5]	5	1	FOUND	YES_EXACT	6	[-1, 0, 0, 0, 0]	4	1	LLL + Fincke-Pohst / Kannan-style ellipsoid search [BigFloat-safe]
59	30	5	1	[1, 2, 3, 4, 5]	5	2	FOUND	YES_EXACT	9	[0, 1, 0, -1, 0]	16	1	LLL + Fincke-Pohst / Kannan-style ellipsoid search [BigFloat-safe]
59	30	5	1	[1, 2, 3, 4, 5]	5	3	FOUND	YES_EXACT	13	[-1, 0, -2, -1, -1]	64	1	LLL + Fincke-Pohst / Kannan-style ellipsoid search [BigFloat-safe]
59	30	5	1	[1, 2, 3, 4, 5]	5	4	FOUND	YES_EXACT	13	[-1, 1, -2, -2, -3]	256	1	LLL + Fincke-Pohst / Kannan-style ellipsoid search [BigFloat-safe]
59	30	5	1	[1, 2, 3, 4, 5]	5	5	FOUND	YES_EXACT	74	[0, 2, 1, -1, -7]	1024	1	LLL + Fincke-Pohst / Kannan-style ellipsoid search [BigFloat-safe]
59	31	5	2	[2, 3, 4, 5]	4	0	NOT_FOUND	NO_EXACT	6		nothing	nothing	LLL + Fincke-Pohst / Kannan-style ellipsoid search [BigFloat-safe]
59	31	5	2	[2, 3, 4, 5]	4	1	NOT_FOUND	NO_EXACT	6		nothing	nothing	LLL + Fincke-Pohst / Kannan-style ellipsoid search [BigFloat-safe]
59	31	5	2	[2, 3, 4, 5]	4	2	FOUND	YES_EXACT	13	[-1, 0, 0, 1, 0]	16	1	LLL + Fincke-Pohst / Kannan-style ellipsoid search [BigFloat-safe]
59	31	5	2	[2, 3, 4, 5]	4	3	FOUND	YES_EXACT	10	[-3, -2, 0, -1, -1]	64	1	LLL + Fincke-Pohst / Kannan-style ellipsoid search [BigFloat-safe]
59	31	5	2	[2, 3, 4, 5]	4	4	FOUND	YES_EXACT	7	[-6, -2, -2, 0, -3]	256	1	LLL + Fincke-Pohst / Kannan-style ellipsoid search [BigFloat-safe]
59	31	5	2	[2, 3, 4, 5]	4	5	FOUND	YES_EXACT	8	[-13, -4, -2, 0, -6]	1024	1	LLL + Fincke-Pohst / Kannan-style ellipsoid search [BigFloat-safe]
59	32	5	1	[1, 2, 3, 4, 5]	5	0	NOT_FOUND	NO_EXACT	6		nothing	nothing	LLL + Fincke-Pohst / Kannan-style ellipsoid search [BigFloat-safe]
59	32	5	1	[1, 2, 3, 4, 5]	5	1	FOUND	YES_EXACT	6	[-1, 0, 0, 0, 0]	4	1	LLL + Fincke-Pohst / Kannan-style ellipsoid search [BigFloat-safe]
59	32	5	1	[1, 2, 3, 4, 5]	5	2	FOUND	YES_EXACT	9	[-1, 0, -1, 0, 0]	16	1	LLL + Fincke-Pohst / Kannan-style ellipsoid search [BigFloat-safe]
59	32	5	1	[1, 2, 3, 4, 5]	5	3	FOUND	YES_EXACT	9	[-1, 0, -1, -1, -1]	64	1	LLL + Fincke-Pohst / Kannan-style ellipsoid search [BigFloat-safe]
59	32	5	1	[1, 2, 3, 4, 5]	5	4	FOUND	YES_EXACT	16	[-1, 0, -2, -3, -1]	256	1	LLL + Fincke-Pohst / Kannan-style ellipsoid search [BigFloat-safe]
59	32	5	1	[1, 2, 3, 4, 5]	5	5	FOUND	YES_EXACT	8	[1, -1, -4, -7, 0]	1024	1	LLL + Fincke-Pohst / Kannan-style ellipsoid search [BigFloat-safe]
59	33	5	2	[2, 3, 4, 5]	4	0	NOT_FOUND	NO_EXACT	6		nothing	nothing	LLL + Fincke-Pohst / Kannan-style ellipsoid search [BigFloat-safe]
59	33	5	2	[2, 3, 4, 5]	4	1	NOT_FOUND	NO_EXACT	6		nothing	nothing	LLL + Fincke-Pohst / Kannan-style ellipsoid search [BigFloat-safe]
59	33	5	2	[2, 3, 4, 5]	4	2	FOUND	YES_EXACT	6	[-1, -1, 0, 0, 0]	16	1	LLL + Fincke-Pohst / Kannan-style ellipsoid search [BigFloat-safe]
59	33	5	2	[2, 3, 4, 5]	4	3	FOUND	YES_EXACT	6	[-3, -1, 1, 1, 0]	64	1	LLL + Fincke-Pohst / Kannan-style ellipsoid search [BigFloat-safe]
59	33	5	2	[2, 3, 4, 5]	4	4	FOUND	YES_EXACT	22	[-7, 2, 4, 4, -3]	256	1	LLL + Fincke-Pohst / Kannan-style ellipsoid search [BigFloat-safe]
59	33	5	2	[2, 3, 4, 5]	4	5	FOUND	YES_EXACT	18	[-14, 2, 6, 5, -2]	1024	1	LLL + Fincke-Pohst / Kannan-style ellipsoid search [BigFloat-safe]
59	34	5	1	[1, 2, 3, 4, 5]	5	0	NOT_FOUND	NO_EXACT	6		nothing	nothing	LLL + Fincke-Pohst / Kannan-style ellipsoid search [BigFloat-safe]
59	34	5	1	[1, 2, 3, 4, 5]	5	1	FOUND	YES_EXACT	6	[0, 0, -1, 0, 0]	4	1	LLL + Fincke-Pohst / Kannan-style ellipsoid search [BigFloat-safe]
59	34	5	1	[1, 2, 3, 4, 5]	5	2	FOUND	YES_EXACT	6	[-1, 0, 0, -1, 0]	16	1	LLL + Fincke-Pohst / Kannan-style ellipsoid search [BigFloat-safe]
59	34	5	1	[1, 2, 3, 4, 5]	5	3	FOUND	YES_EXACT	6	[-1, 0, -1, 0, -1]	64	1	LLL + Fincke-Pohst / Kannan-style ellipsoid search [BigFloat-safe]
59	34	5	1	[1, 2, 3, 4, 5]	5	4	FOUND	YES_EXACT	6	[-1, 0, -2, -1, -2]	256	1	LLL + Fincke-Pohst / Kannan-style ellipsoid search [BigFloat-safe]
59	34	5	1	[1, 2, 3, 4, 5]	5	5	FOUND	YES_EXACT	15	[-3, 0, -3, -2, -4]	1024	1	LLL + Fincke-Pohst / Kannan-style ellipsoid search [BigFloat-safe]
59	35	5	1	[1, 2, 3, 4, 5]	5	0	NOT_FOUND	NO_EXACT	6		nothing	nothing	LLL + Fincke-Pohst / Kannan-style ellipsoid search [BigFloat-safe]
59	35	5	1	[1, 2, 3, 4, 5]	5	1	FOUND	YES_EXACT	6	[-1, 0, 0, 0, 0]	4	1	LLL + Fincke-Pohst / Kannan-style ellipsoid search [BigFloat-safe]
59	35	5	1	[1, 2, 3, 4, 5]	5	2	FOUND	YES_EXACT	13	[0, -1, 1, -1, 0]	16	1	LLL + Fincke-Pohst / Kannan-style ellipsoid search [BigFloat-safe]
59	35	5	1	[1, 2, 3, 4, 5]	5	3	FOUND	YES_EXACT	8	[-2, 0, -1, -1, -1]	64	1	LLL + Fincke-Pohst / Kannan-style ellipsoid search [BigFloat-safe]
59	35	5	1	[1, 2, 3, 4, 5]	5	4	FOUND	YES_EXACT	44	[-2, -3, 1, -3, -2]	256	1	LLL + Fincke-Pohst / Kannan-style ellipsoid search [BigFloat-safe]
59	35	5	1	[1, 2, 3, 4, 5]	5	5	FOUND	YES_EXACT	6	[-2, -4, -1, -4, -5]	1024	1	LLL + Fincke-Pohst / Kannan-style ellipsoid search [BigFloat-safe]
59	36	5	2	[2, 3, 4, 5]	4	0	NOT_FOUND	NO_EXACT	6		nothing	nothing	LLL + Fincke-Pohst / Kannan-style ellipsoid search [BigFloat-safe]
59	36	5	2	[2, 3, 4, 5]	4	1	NOT_FOUND	NO_EXACT	6		nothing	nothing	LLL + Fincke-Pohst / Kannan-style ellipsoid search [BigFloat-safe]
59	36	5	2	[2, 3, 4, 5]	4	2	FOUND	YES_EXACT	11	[-1, 1, 1, 0, 0]	16	1	LLL + Fincke-Pohst / Kannan-style ellipsoid search [BigFloat-safe]
59	36	5	2	[2, 3, 4, 5]	4	3	FOUND	YES_EXACT	6	[1, -1, 0, 0, -2]	64	1	LLL + Fincke-Pohst / Kannan-style ellipsoid search [BigFloat-safe]
59	36	5	2	[2, 3, 4, 5]	4	4	FOUND	YES_EXACT	12	[1, 0, 2, 0, -4]	256	1	LLL + Fincke-Pohst / Kannan-style ellipsoid search [BigFloat-safe]
59	36	5	2	[2, 3, 4, 5]	4	5	FOUND	YES_EXACT	8	[1, -1, 3, 0, -8]	1024	1	LLL + Fincke-Pohst / Kannan-style ellipsoid search [BigFloat-safe]
59	37	5	1	[1, 2, 3, 4, 5]	5	0	NOT_FOUND	NO_EXACT	6		nothing	nothing	LLL + Fincke-Pohst / Kannan-style ellipsoid search [BigFloat-safe]
59	37	5	1	[1, 2, 3, 4, 5]	5	1	FOUND	YES_EXACT	6	[-1, 0, 0, 0, 0]	4	1	LLL + Fincke-Pohst / Kannan-style ellipsoid search [BigFloat-safe]
59	37	5	1	[1, 2, 3, 4, 5]	5	2	FOUND	YES_EXACT	7	[-1, 0, -1, -1, 0]	16	1	LLL + Fincke-Pohst / Kannan-style ellipsoid search [BigFloat-safe]
59	37	5	1	[1, 2, 3, 4, 5]	5	3	FOUND	YES_EXACT	7	[0, 1, 0, 0, -1]	64	1	LLL + Fincke-Pohst / Kannan-style ellipsoid search [BigFloat-safe]
59	37	5	1	[1, 2, 3, 4, 5]	5	4	FOUND	YES_EXACT	6	[-1, -1, 0, -1, -2]	256	1	LLL + Fincke-Pohst / Kannan-style ellipsoid search [BigFloat-safe]
59	37	5	1	[1, 2, 3, 4, 5]	5	5	FOUND	YES_EXACT	6	[0, 0, 1, -3, -4]	1024	1	LLL + Fincke-Pohst / Kannan-style ellipsoid search [BigFloat-safe]
59	38	5	1	[1, 2, 3, 4, 5]	5	0	NOT_FOUND	NO_EXACT	6		nothing	nothing	LLL + Fincke-Pohst / Kannan-style ellipsoid search [BigFloat-safe]
59	38	5	1	[1, 2, 3, 4, 5]	5	1	FOUND	YES_EXACT	6	[-1, 0, 0, 0, 0]	4	1	LLL + Fincke-Pohst / Kannan-style ellipsoid search [BigFloat-safe]
59	38	5	1	[1, 2, 3, 4, 5]	5	2	FOUND	YES_EXACT	20	[0, 0, 1, -1, 0]	16	1	LLL + Fincke-Pohst / Kannan-style ellipsoid search [BigFloat-safe]
59	38	5	1	[1, 2, 3, 4, 5]	5	3	FOUND	YES_EXACT	53	[-2, 0, 1, -1, -1]	64	1	LLL + Fincke-Pohst / Kannan-style ellipsoid search [BigFloat-safe]
59	38	5	1	[1, 2, 3, 4, 5]	5	4	FOUND	YES_EXACT	96	[1, -2, -2, -2, -2]	256	1	LLL + Fincke-Pohst / Kannan-style ellipsoid search [BigFloat-safe]
59	38	5	1	[1, 2, 3, 4, 5]	5	5	FOUND	YES_EXACT	6	[-1, -4, -4, 0, -5]	1024	1	LLL + Fincke-Pohst / Kannan-style ellipsoid search [BigFloat-safe]
59	39	5	1	[1, 2, 3, 4, 5]	5	0	NOT_FOUND	NO_EXACT	6		nothing	nothing	LLL + Fincke-Pohst / Kannan-style ellipsoid search [BigFloat-safe]
59	39	5	1	[1, 2, 3, 4, 5]	5	1	FOUND	YES_EXACT	6	[-1, 0, 0, 0, 0]	4	1	LLL + Fincke-Pohst / Kannan-style ellipsoid search [BigFloat-safe]
59	39	5	1	[1, 2, 3, 4, 5]	5	2	FOUND	YES_EXACT	6	[-1, 0, -1, 0, 0]	16	1	LLL + Fincke-Pohst / Kannan-style ellipsoid search [BigFloat-safe]
59	39	5	1	[1, 2, 3, 4, 5]	5	3	FOUND	YES_EXACT	16	[1, 2, -1, -1, -1]	64	1	LLL + Fincke-Pohst / Kannan-style ellipsoid search [BigFloat-safe]
59	39	5	1	[1, 2, 3, 4, 5]	5	4	FOUND	YES_EXACT	6	[-1, 0, -2, 0, -3]	256	1	LLL + Fincke-Pohst / Kannan-style ellipsoid search [BigFloat-safe]
59	39	5	1	[1, 2, 3, 4, 5]	5	5	FOUND	YES_EXACT	6	[-1, 0, -1, 0, -7]	1024	1	LLL + Fincke-Pohst / Kannan-style ellipsoid search [BigFloat-safe]
59	40	5	2	[2, 3, 4, 5]	4	0	NOT_FOUND	NO_EXACT	6		nothing	nothing	LLL + Fincke-Pohst / Kannan-style ellipsoid search [BigFloat-safe]
59	40	5	2	[2, 3, 4, 5]	4	1	NOT_FOUND	NO_EXACT	6		nothing	nothing	LLL + Fincke-Pohst / Kannan-style ellipsoid search [BigFloat-safe]
59	40	5	2	[2, 3, 4, 5]	4	2	FOUND	YES_EXACT	14	[-1, 0, 0, 1, 0]	16	1	LLL + Fincke-Pohst / Kannan-style ellipsoid search [BigFloat-safe]
59	40	5	2	[2, 3, 4, 5]	4	3	FOUND	YES_EXACT	11	[-3, -1, 2, 0, 1]	64	1	LLL + Fincke-Pohst / Kannan-style ellipsoid search [BigFloat-safe]
59	40	5	2	[2, 3, 4, 5]	4	4	FOUND	YES_EXACT	15	[-6, -3, 2, 1, 0]	256	1	LLL + Fincke-Pohst / Kannan-style ellipsoid search [BigFloat-safe]
59	40	5	2	[2, 3, 4, 5]	4	5	FOUND	YES_EXACT	6	[-13, -5, 5, 1, 2]	1024	1	LLL + Fincke-Pohst / Kannan-style ellipsoid search [BigFloat-safe]
59	41	5	1	[1, 2, 3, 4, 5]	5	0	NOT_FOUND	NO_EXACT	6		nothing	nothing	LLL + Fincke-Pohst / Kannan-style ellipsoid search [BigFloat-safe]
59	41	5	1	[1, 2, 3, 4, 5]	5	1	FOUND	YES_EXACT	6	[-1, 0, 0, 0, 0]	4	1	LLL + Fincke-Pohst / Kannan-style ellipsoid search [BigFloat-safe]
59	41	5	1	[1, 2, 3, 4, 5]	5	2	FOUND	YES_EXACT	10	[0, 1, -1, 1, 0]	16	1	LLL + Fincke-Pohst / Kannan-style ellipsoid search [BigFloat-safe]
59	41	5	1	[1, 2, 3, 4, 5]	5	3	FOUND	YES_EXACT	9	[0, 0, 1, 0, -2]	64	1	LLL + Fincke-Pohst / Kannan-style ellipsoid search [BigFloat-safe]
59	41	5	1	[1, 2, 3, 4, 5]	5	4	FOUND	YES_EXACT	6	[-1, -2, 1, 0, -4]	256	1	LLL + Fincke-Pohst / Kannan-style ellipsoid search [BigFloat-safe]
59	41	5	1	[1, 2, 3, 4, 5]	5	5	FOUND	YES_EXACT	6	[-1, -2, 1, 0, -8]	1024	1	LLL + Fincke-Pohst / Kannan-style ellipsoid search [BigFloat-safe]
59	42	5	1	[1, 2, 3, 4, 5]	5	0	NOT_FOUND	NO_EXACT	6		nothing	nothing	LLL + Fincke-Pohst / Kannan-style ellipsoid search [BigFloat-safe]
59	42	5	1	[1, 2, 3, 4, 5]	5	1	FOUND	YES_EXACT	6	[-1, 0, 0, 0, 0]	4	1	LLL + Fincke-Pohst / Kannan-style ellipsoid search [BigFloat-safe]
59	42	5	1	[1, 2, 3, 4, 5]	5	2	FOUND	YES_EXACT	6	[-2, 1, -1, 0, 0]	16	1	LLL + Fincke-Pohst / Kannan-style ellipsoid search [BigFloat-safe]
59	42	5	1	[1, 2, 3, 4, 5]	5	3	FOUND	YES_EXACT	6	[-1, 0, -1, 0, -1]	64	1	LLL + Fincke-Pohst / Kannan-style ellipsoid search [BigFloat-safe]
59	42	5	1	[1, 2, 3, 4, 5]	5	4	FOUND	YES_EXACT	22	[-1, 0, -3, 0, -2]	256	1	LLL + Fincke-Pohst / Kannan-style ellipsoid search [BigFloat-safe]
59	42	5	1	[1, 2, 3, 4, 5]	5	5	FOUND	YES_EXACT	6	[-2, 1, -2, -2, -4]	1024	1	LLL + Fincke-Pohst / Kannan-style ellipsoid search [BigFloat-safe]
59	43	5	1	[1, 2, 3, 4, 5]	5	0	NOT_FOUND	NO_EXACT	6		nothing	nothing	LLL + Fincke-Pohst / Kannan-style ellipsoid search [BigFloat-safe]
59	43	5	1	[1, 2, 3, 4, 5]	5	1	FOUND	YES_EXACT	6	[-1, 0, 0, 0, 0]	4	1	LLL + Fincke-Pohst / Kannan-style ellipsoid search [BigFloat-safe]
59	43	5	1	[1, 2, 3, 4, 5]	5	2	FOUND	YES_EXACT	8	[-1, 0, -1, 0, 0]	16	1	LLL + Fincke-Pohst / Kannan-style ellipsoid search [BigFloat-safe]
59	43	5	1	[1, 2, 3, 4, 5]	5	3	FOUND	YES_EXACT	6	[0, -1, 0, -2, 1]	64	1	LLL + Fincke-Pohst / Kannan-style ellipsoid search [BigFloat-safe]
59	43	5	1	[1, 2, 3, 4, 5]	5	4	FOUND	YES_EXACT	55	[0, 0, 1, -4, 0]	256	1	LLL + Fincke-Pohst / Kannan-style ellipsoid search [BigFloat-safe]
59	43	5	1	[1, 2, 3, 4, 5]	5	5	FOUND	YES_EXACT	6	[0, 0, 2, -9, 3]	1024	1	LLL + Fincke-Pohst / Kannan-style ellipsoid search [BigFloat-safe]
59	44	5	1	[1, 2, 3, 4, 5]	5	0	NOT_FOUND	NO_EXACT	6		nothing	nothing	LLL + Fincke-Pohst / Kannan-style ellipsoid search [BigFloat-safe]
59	44	5	1	[1, 2, 3, 4, 5]	5	1	FOUND	YES_EXACT	6	[-1, 0, 0, 0, 0]	4	1	LLL + Fincke-Pohst / Kannan-style ellipsoid search [BigFloat-safe]
59	44	5	1	[1, 2, 3, 4, 5]	5	2	FOUND	YES_EXACT	6	[0, 0, -1, -1, 0]	16	1	LLL + Fincke-Pohst / Kannan-style ellipsoid search [BigFloat-safe]
59	44	5	1	[1, 2, 3, 4, 5]	5	3	FOUND	YES_EXACT	6	[-1, 0, -1, -1, -1]	64	1	LLL + Fincke-Pohst / Kannan-style ellipsoid search [BigFloat-safe]
59	44	5	1	[1, 2, 3, 4, 5]	5	4	FOUND	YES_EXACT	18	[-1, -1, -1, -2, -2]	256	1	LLL + Fincke-Pohst / Kannan-style ellipsoid search [BigFloat-safe]
59	44	5	1	[1, 2, 3, 4, 5]	5	5	FOUND	YES_EXACT	6	[-3, 1, -5, -4, -4]	1024	1	LLL + Fincke-Pohst / Kannan-style ellipsoid search [BigFloat-safe]
59	45	5	1	[1, 2, 3, 4, 5]	5	0	NOT_FOUND	NO_EXACT	6		nothing	nothing	LLL + Fincke-Pohst / Kannan-style ellipsoid search [BigFloat-safe]
59	45	5	1	[1, 2, 3, 4, 5]	5	1	FOUND	YES_EXACT	6	[-1, 0, 0, 0, 0]	4	1	LLL + Fincke-Pohst / Kannan-style ellipsoid search [BigFloat-safe]
59	45	5	1	[1, 2, 3, 4, 5]	5	2	FOUND	YES_EXACT	6	[0, 0, 0, -1, 0]	16	1	LLL + Fincke-Pohst / Kannan-style ellipsoid search [BigFloat-safe]
59	45	5	1	[1, 2, 3, 4, 5]	5	3	FOUND	YES_EXACT	251	[1, -1, 0, -2, 0]	64	1	LLL + Fincke-Pohst / Kannan-style ellipsoid search [BigFloat-safe]
59	45	5	1	[1, 2, 3, 4, 5]	5	4	FOUND	YES_EXACT	699	[1, -3, -2, -3, -2]	256	1	LLL + Fincke-Pohst / Kannan-style ellipsoid search [BigFloat-safe]
59	45	5	1	[1, 2, 3, 4, 5]	5	5	FOUND	YES_EXACT	460	[-2, -3, -3, -4, -6]	1024	1	LLL + Fincke-Pohst / Kannan-style ellipsoid search [BigFloat-safe]
59	46	5	2	[2, 3, 4, 5]	4	0	NOT_FOUND	NO_EXACT	6		nothing	nothing	LLL + Fincke-Pohst / Kannan-style ellipsoid search [BigFloat-safe]
59	46	5	2	[2, 3, 4, 5]	4	1	NOT_FOUND	NO_EXACT	6		nothing	nothing	LLL + Fincke-Pohst / Kannan-style ellipsoid search [BigFloat-safe]
59	46	5	2	[2, 3, 4, 5]	4	2	FOUND	YES_EXACT	7	[-1, 0, -1, 0, 0]	16	1	LLL + Fincke-Pohst / Kannan-style ellipsoid search [BigFloat-safe]
59	46	5	2	[2, 3, 4, 5]	4	3	FOUND	YES_EXACT	27	[-3, -2, -1, 0, 1]	64	1	LLL + Fincke-Pohst / Kannan-style ellipsoid search [BigFloat-safe]
59	46	5	2	[2, 3, 4, 5]	4	4	FOUND	YES_EXACT	17	[-7, -4, -3, -1, 0]	256	1	LLL + Fincke-Pohst / Kannan-style ellipsoid search [BigFloat-safe]
59	46	5	2	[2, 3, 4, 5]	4	5	FOUND	YES_EXACT	6	[-15, -8, -5, -5, 2]	1024	1	LLL + Fincke-Pohst / Kannan-style ellipsoid search [BigFloat-safe]
59	47	5	1	[1, 2, 3, 4, 5]	5	0	NOT_FOUND	NO_EXACT	6		nothing	nothing	LLL + Fincke-Pohst / Kannan-style ellipsoid search [BigFloat-safe]
59	47	5	1	[1, 2, 3, 4, 5]	5	1	FOUND	YES_EXACT	6	[-1, 0, 0, 0, 0]	4	1	LLL + Fincke-Pohst / Kannan-style ellipsoid search [BigFloat-safe]
59	47	5	1	[1, 2, 3, 4, 5]	5	2	FOUND	YES_EXACT	12	[-1, 1, 1, -1, 0]	16	1	LLL + Fincke-Pohst / Kannan-style ellipsoid search [BigFloat-safe]
59	47	5	1	[1, 2, 3, 4, 5]	5	3	FOUND	YES_EXACT	48	[-1, 1, -1, -1, -1]	64	1	LLL + Fincke-Pohst / Kannan-style ellipsoid search [BigFloat-safe]
59	47	5	1	[1, 2, 3, 4, 5]	5	4	FOUND	YES_EXACT	23	[-4, 1, 1, -1, -3]	256	1	LLL + Fincke-Pohst / Kannan-style ellipsoid search [BigFloat-safe]
59	47	5	1	[1, 2, 3, 4, 5]	5	5	FOUND	YES_EXACT	11	[-4, 1, -3, 0, -7]	1024	1	LLL + Fincke-Pohst / Kannan-style ellipsoid search [BigFloat-safe]
59	48	5	1	[1, 2, 3, 4, 5]	5	0	NOT_FOUND	NO_EXACT	6		nothing	nothing	LLL + Fincke-Pohst / Kannan-style ellipsoid search [BigFloat-safe]
59	48	5	1	[1, 2, 3, 4, 5]	5	1	FOUND	YES_EXACT	6	[-1, 0, 0, 0, 0]	4	1	LLL + Fincke-Pohst / Kannan-style ellipsoid search [BigFloat-safe]
59	48	5	1	[1, 2, 3, 4, 5]	5	2	FOUND	YES_EXACT	6	[0, 0, -1, 0, 0]	16	1	LLL + Fincke-Pohst / Kannan-style ellipsoid search [BigFloat-safe]
59	48	5	1	[1, 2, 3, 4, 5]	5	3	FOUND	YES_EXACT	21	[-2, 0, -2, 1, -1]	64	1	LLL + Fincke-Pohst / Kannan-style ellipsoid search [BigFloat-safe]
59	48	5	1	[1, 2, 3, 4, 5]	5	4	FOUND	YES_EXACT	10	[-3, -1, -4, 0, -2]	256	1	LLL + Fincke-Pohst / Kannan-style ellipsoid search [BigFloat-safe]
59	48	5	1	[1, 2, 3, 4, 5]	5	5	FOUND	YES_EXACT	34	[-5, 1, -9, 2, -4]	1024	1	LLL + Fincke-Pohst / Kannan-style ellipsoid search [BigFloat-safe]
59	49	5	1	[1, 2, 3, 4, 5]	5	0	NOT_FOUND	NO_EXACT	6		nothing	nothing	LLL + Fincke-Pohst / Kannan-style ellipsoid search [BigFloat-safe]
59	49	5	1	[1, 2, 3, 4, 5]	5	1	FOUND	YES_EXACT	6	[-1, 0, 0, 0, 0]	4	1	LLL + Fincke-Pohst / Kannan-style ellipsoid search [BigFloat-safe]
59	49	5	1	[1, 2, 3, 4, 5]	5	2	FOUND	YES_EXACT	15	[0, -1, 1, 0, 0]	16	1	LLL + Fincke-Pohst / Kannan-style ellipsoid search [BigFloat-safe]
59	49	5	1	[1, 2, 3, 4, 5]	5	3	FOUND	YES_EXACT	8	[-1, 1, -1, 0, -2]	64	1	LLL + Fincke-Pohst / Kannan-style ellipsoid search [BigFloat-safe]
59	49	5	1	[1, 2, 3, 4, 5]	5	4	FOUND	YES_EXACT	18	[-1, 1, -1, -1, -4]	256	1	LLL + Fincke-Pohst / Kannan-style ellipsoid search [BigFloat-safe]
59	49	5	1	[1, 2, 3, 4, 5]	5	5	FOUND	YES_EXACT	6	[0, 0, -4, 1, -8]	1024	1	LLL + Fincke-Pohst / Kannan-style ellipsoid search [BigFloat-safe]
59	50	5	1	[1, 2, 3, 4, 5]	5	0	NOT_FOUND	NO_EXACT	6		nothing	nothing	LLL + Fincke-Pohst / Kannan-style ellipsoid search [BigFloat-safe]
59	50	5	1	[1, 2, 3, 4, 5]	5	1	FOUND	YES_EXACT	6	[-1, 0, 0, 0, 0]	4	1	LLL + Fincke-Pohst / Kannan-style ellipsoid search [BigFloat-safe]
59	50	5	1	[1, 2, 3, 4, 5]	5	2	FOUND	YES_EXACT	6	[-1, 0, 0, 0, -1]	16	1	LLL + Fincke-Pohst / Kannan-style ellipsoid search [BigFloat-safe]
59	50	5	1	[1, 2, 3, 4, 5]	5	3	FOUND	YES_EXACT	21	[-2, -1, 0, -1, -1]	64	1	LLL + Fincke-Pohst / Kannan-style ellipsoid search [BigFloat-safe]
59	50	5	1	[1, 2, 3, 4, 5]	5	4	FOUND	YES_EXACT	12	[-1, -1, 1, 0, -4]	256	1	LLL + Fincke-Pohst / Kannan-style ellipsoid search [BigFloat-safe]
59	50	5	1	[1, 2, 3, 4, 5]	5	5	FOUND	YES_EXACT	6	[-6, 1, -1, -2, -8]	1024	1	LLL + Fincke-Pohst / Kannan-style ellipsoid search [BigFloat-safe]
59	51	5	1	[1, 2, 3, 4, 5]	5	0	NOT_FOUND	NO_EXACT	6		nothing	nothing	LLL + Fincke-Pohst / Kannan-style ellipsoid search [BigFloat-safe]
59	51	5	1	[1, 2, 3, 4, 5]	5	1	FOUND	YES_EXACT	6	[-1, 0, 0, 0, 0]	4	1	LLL + Fincke-Pohst / Kannan-style ellipsoid search [BigFloat-safe]
59	51	5	1	[1, 2, 3, 4, 5]	5	2	FOUND	YES_EXACT	14	[0, 0, 0, 0, -1]	16	1	LLL + Fincke-Pohst / Kannan-style ellipsoid search [BigFloat-safe]
59	51	5	1	[1, 2, 3, 4, 5]	5	3	FOUND	YES_EXACT	14	[-1, 0, -1, -2, 0]	64	1	LLL + Fincke-Pohst / Kannan-style ellipsoid search [BigFloat-safe]
59	51	5	1	[1, 2, 3, 4, 5]	5	4	FOUND	YES_EXACT	6	[-1, -1, -2, -5, 2]	256	1	LLL + Fincke-Pohst / Kannan-style ellipsoid search [BigFloat-safe]
59	51	5	1	[1, 2, 3, 4, 5]	5	5	FOUND	YES_EXACT	10	[-2, -2, -3, -10, 3]	1024	1	LLL + Fincke-Pohst / Kannan-style ellipsoid search [BigFloat-safe]
59	52	5	1	[1, 2, 3, 4, 5]	5	0	NOT_FOUND	NO_EXACT	6		nothing	nothing	LLL + Fincke-Pohst / Kannan-style ellipsoid search [BigFloat-safe]
59	52	5	1	[1, 2, 3, 4, 5]	5	1	FOUND	YES_EXACT	6	[-1, 0, 0, 0, 0]	4	1	LLL + Fincke-Pohst / Kannan-style ellipsoid search [BigFloat-safe]
59	52	5	1	[1, 2, 3, 4, 5]	5	2	FOUND	YES_EXACT	10	[-1, 1, -1, 0, 0]	16	1	LLL + Fincke-Pohst / Kannan-style ellipsoid search [BigFloat-safe]
59	52	5	1	[1, 2, 3, 4, 5]	5	3	FOUND	YES_EXACT	16	[-1, -1, -2, 0, -1]	64	1	LLL + Fincke-Pohst / Kannan-style ellipsoid search [BigFloat-safe]
59	52	5	1	[1, 2, 3, 4, 5]	5	4	FOUND	YES_EXACT	6	[-2, 0, -3, -2, -3]	256	1	LLL + Fincke-Pohst / Kannan-style ellipsoid search [BigFloat-safe]
59	52	5	1	[1, 2, 3, 4, 5]	5	5	FOUND	YES_EXACT	10	[-1, -1, -4, -2, -7]	1024	1	LLL + Fincke-Pohst / Kannan-style ellipsoid search [BigFloat-safe]
59	53	5	1	[1, 3, 4, 5]	4	0	NOT_FOUND	NO_EXACT	6		nothing	nothing	LLL + Fincke-Pohst / Kannan-style ellipsoid search [BigFloat-safe]
59	53	5	1	[1, 3, 4, 5]	4	1	FOUND	YES_EXACT	6	[-1, 0, 0, 0, 0]	4	1	LLL + Fincke-Pohst / Kannan-style ellipsoid search [BigFloat-safe]
59	53	5	1	[1, 3, 4, 5]	4	2	NOT_FOUND	NO_EXACT	36		nothing	nothing	LLL + Fincke-Pohst / Kannan-style ellipsoid search [BigFloat-safe]
59	53	5	1	[1, 3, 4, 5]	4	3	FOUND	YES_EXACT	9	[-1, 0, 0, -2, 0]	64	1	LLL + Fincke-Pohst / Kannan-style ellipsoid search [BigFloat-safe]
59	53	5	1	[1, 3, 4, 5]	4	4	FOUND	YES_EXACT	6	[-2, 1, -2, -4, -2]	256	1	LLL + Fincke-Pohst / Kannan-style ellipsoid search [BigFloat-safe]
59	53	5	1	[1, 3, 4, 5]	4	5	FOUND	YES_EXACT	26	[-6, 1, -2, -8, -4]	1024	1	LLL + Fincke-Pohst / Kannan-style ellipsoid search [BigFloat-safe]
59	54	5	1	[1, 2, 3, 4, 5]	5	0	NOT_FOUND	NO_EXACT	6		nothing	nothing	LLL + Fincke-Pohst / Kannan-style ellipsoid search [BigFloat-safe]
59	54	5	1	[1, 2, 3, 4, 5]	5	1	FOUND	YES_EXACT	6	[-1, -1, 0, 0, 0]	4	1	LLL + Fincke-Pohst / Kannan-style ellipsoid search [BigFloat-safe]
59	54	5	1	[1, 2, 3, 4, 5]	5	2	FOUND	YES_EXACT	6	[-2, -2, -1, 0, 0]	16	1	LLL + Fincke-Pohst / Kannan-style ellipsoid search [BigFloat-safe]
59	54	5	1	[1, 2, 3, 4, 5]	5	3	FOUND	YES_EXACT	108	[-2, -2, -2, 1, -1]	64	1	LLL + Fincke-Pohst / Kannan-style ellipsoid search [BigFloat-safe]
59	54	5	1	[1, 2, 3, 4, 5]	5	4	FOUND	YES_EXACT	173	[-6, -5, -3, 0, -2]	256	1	LLL + Fincke-Pohst / Kannan-style ellipsoid search [BigFloat-safe]
59	54	5	1	[1, 2, 3, 4, 5]	5	5	FOUND	YES_EXACT	884	[-8, -7, -4, 1, -5]	1024	1	LLL + Fincke-Pohst / Kannan-style ellipsoid search [BigFloat-safe]
59	55	5	1	[1, 2, 3, 4, 5]	5	0	NOT_FOUND	NO_EXACT	6		nothing	nothing	LLL + Fincke-Pohst / Kannan-style ellipsoid search [BigFloat-safe]
59	55	5	1	[1, 2, 3, 4, 5]	5	1	FOUND	YES_EXACT	6	[-1, -1, 0, 0, 0]	4	1	LLL + Fincke-Pohst / Kannan-style ellipsoid search [BigFloat-safe]
59	55	5	1	[1, 2, 3, 4, 5]	5	2	FOUND	YES_EXACT	6	[-1, -1, -1, 0, 0]	16	1	LLL + Fincke-Pohst / Kannan-style ellipsoid search [BigFloat-safe]
59	55	5	1	[1, 2, 3, 4, 5]	5	3	FOUND	YES_EXACT	64	[-1, -1, -2, -1, 0]	64	1	LLL + Fincke-Pohst / Kannan-style ellipsoid search [BigFloat-safe]
59	55	5	1	[1, 2, 3, 4, 5]	5	4	FOUND	YES_EXACT	192	[-1, -1, -3, -3, 0]	256	1	LLL + Fincke-Pohst / Kannan-style ellipsoid search [BigFloat-safe]
59	55	5	1	[1, 2, 3, 4, 5]	5	5	FOUND	YES_EXACT	141	[-4, -3, -2, -7, 0]	1024	1	LLL + Fincke-Pohst / Kannan-style ellipsoid search [BigFloat-safe]
59	56	5	1	[1, 2, 3, 4, 5]	5	0	NOT_FOUND	NO_EXACT	6		nothing	nothing	LLL + Fincke-Pohst / Kannan-style ellipsoid search [BigFloat-safe]
59	56	5	1	[1, 2, 3, 4, 5]	5	1	FOUND	YES_EXACT	6	[-1, 0, 0, 0, 0]	4	1	LLL + Fincke-Pohst / Kannan-style ellipsoid search [BigFloat-safe]
59	56	5	1	[1, 2, 3, 4, 5]	5	2	FOUND	YES_EXACT	8	[-1, 0, 0, -1, 0]	16	1	LLL + Fincke-Pohst / Kannan-style ellipsoid search [BigFloat-safe]
59	56	5	1	[1, 2, 3, 4, 5]	5	3	FOUND	YES_EXACT	6	[-2, 1, -1, -2, -1]	64	1	LLL + Fincke-Pohst / Kannan-style ellipsoid search [BigFloat-safe]
59	56	5	1	[1, 2, 3, 4, 5]	5	4	FOUND	YES_EXACT	6	[-2, 2, -3, -4, -2]	256	1	LLL + Fincke-Pohst / Kannan-style ellipsoid search [BigFloat-safe]
59	56	5	1	[1, 2, 3, 4, 5]	5	5	FOUND	YES_EXACT	19	[-4, 7, -4, -7, -5]	1024	1	LLL + Fincke-Pohst / Kannan-style ellipsoid search [BigFloat-safe]
59	57	5	1	[1, 2, 3, 4, 5]	5	0	NOT_FOUND	NO_EXACT	6		nothing	nothing	LLL + Fincke-Pohst / Kannan-style ellipsoid search [BigFloat-safe]
59	57	5	1	[1, 2, 3, 4, 5]	5	1	FOUND	YES_EXACT	6	[-1, 0, 0, 0, 0]	4	1	LLL + Fincke-Pohst / Kannan-style ellipsoid search [BigFloat-safe]
59	57	5	1	[1, 2, 3, 4, 5]	5	2	FOUND	YES_EXACT	6	[0, 0, 0, 0, -1]	16	1	LLL + Fincke-Pohst / Kannan-style ellipsoid search [BigFloat-safe]
59	57	5	1	[1, 2, 3, 4, 5]	5	3	FOUND	YES_EXACT	17	[0, -2, -1, 1, -1]	64	1	LLL + Fincke-Pohst / Kannan-style ellipsoid search [BigFloat-safe]
59	57	5	1	[1, 2, 3, 4, 5]	5	4	FOUND	YES_EXACT	38	[-1, 0, 1, 1, -4]	256	1	LLL + Fincke-Pohst / Kannan-style ellipsoid search [BigFloat-safe]
59	57	5	1	[1, 2, 3, 4, 5]	5	5	FOUND	YES_EXACT	11	[3, -2, -1, 0, -8]	1024	1	LLL + Fincke-Pohst / Kannan-style ellipsoid search [BigFloat-safe]
59	58	5	1	[1, 2, 3, 4, 5]	5	0	NOT_FOUND	NO_EXACT	6		nothing	nothing	LLL + Fincke-Pohst / Kannan-style ellipsoid search [BigFloat-safe]
59	58	5	1	[1, 2, 3, 4, 5]	5	1	FOUND	YES_EXACT	6	[-1, 0, 0, 0, 0]	4	1	LLL + Fincke-Pohst / Kannan-style ellipsoid search [BigFloat-safe]
59	58	5	1	[1, 2, 3, 4, 5]	5	2	FOUND	YES_EXACT	10	[-1, 1, -1, 0, 0]	16	1	LLL + Fincke-Pohst / Kannan-style ellipsoid search [BigFloat-safe]
59	58	5	1	[1, 2, 3, 4, 5]	5	3	FOUND	YES_EXACT	16	[-1, 0, -2, 1, -1]	64	1	LLL + Fincke-Pohst / Kannan-style ellipsoid search [BigFloat-safe]
59	58	5	1	[1, 2, 3, 4, 5]	5	4	FOUND	YES_EXACT	6	[0, 1, -4, 1, -3]	256	1	LLL + Fincke-Pohst / Kannan-style ellipsoid search [BigFloat-safe]
59	58	5	1	[1, 2, 3, 4, 5]	5	5	FOUND	YES_EXACT	6	[-1, 4, -6, 3, -7]	1024	1	LLL + Fincke-Pohst / Kannan-style ellipsoid search [BigFloat-safe]
59	59	5	1	[1, 2, 3, 4, 5]	5	0	NOT_FOUND	NO_EXACT	6		nothing	nothing	LLL + Fincke-Pohst / Kannan-style ellipsoid search [BigFloat-safe]
59	59	5	1	[1, 2, 3, 4, 5]	5	1	FOUND	YES_EXACT	6	[-1, 0, 0, 0, 0]	4	1	LLL + Fincke-Pohst / Kannan-style ellipsoid search [BigFloat-safe]
59	59	5	1	[1, 2, 3, 4, 5]	5	2	FOUND	YES_EXACT	6	[0, -1, -1, 0, 0]	16	1	LLL + Fincke-Pohst / Kannan-style ellipsoid search [BigFloat-safe]
59	59	5	1	[1, 2, 3, 4, 5]	5	3	FOUND	YES_EXACT	262	[-1, 1, -2, 0, 0]	64	1	LLL + Fincke-Pohst / Kannan-style ellipsoid search [BigFloat-safe]
59	59	5	1	[1, 2, 3, 4, 5]	5	4	FOUND	YES_EXACT	710	[0, 0, -5, 2, -2]	256	1	LLL + Fincke-Pohst / Kannan-style ellipsoid search [BigFloat-safe]
59	59	5	1	[1, 2, 3, 4, 5]	5	5	FOUND	YES_EXACT	438	[-2, 0, -7, 2, -6]	1024	1	LLL + Fincke-Pohst / Kannan-style ellipsoid search [BigFloat-safe]
59	60	5	1	[1, 2, 3, 4, 5]	5	0	NOT_FOUND	NO_EXACT	6		nothing	nothing	LLL + Fincke-Pohst / Kannan-style ellipsoid search [BigFloat-safe]
59	60	5	1	[1, 2, 3, 4, 5]	5	1	FOUND	YES_EXACT	6	[-1, 0, 0, 0, 0]	4	1	LLL + Fincke-Pohst / Kannan-style ellipsoid search [BigFloat-safe]
59	60	5	1	[1, 2, 3, 4, 5]	5	2	FOUND	YES_EXACT	10	[0, -1, -1, -1, 0]	16	1	LLL + Fincke-Pohst / Kannan-style ellipsoid search [BigFloat-safe]
59	60	5	1	[1, 2, 3, 4, 5]	5	3	FOUND	YES_EXACT	8	[1, 0, -1, 0, -2]	64	1	LLL + Fincke-Pohst / Kannan-style ellipsoid search [BigFloat-safe]
59	60	5	1	[1, 2, 3, 4, 5]	5	4	FOUND	YES_EXACT	6	[3, -2, -2, 0, -4]	256	1	LLL + Fincke-Pohst / Kannan-style ellipsoid search [BigFloat-safe]
59	60	5	1	[1, 2, 3, 4, 5]	5	5	FOUND	YES_EXACT	6	[6, -2, -5, 0, -8]	1024	1	LLL + Fincke-Pohst / Kannan-style ellipsoid search [BigFloat-safe]
59	61	5	1	[1, 2, 3, 4, 5]	5	0	NOT_FOUND	NO_EXACT	6		nothing	nothing	LLL + Fincke-Pohst / Kannan-style ellipsoid search [BigFloat-safe]
59	61	5	1	[1, 2, 3, 4, 5]	5	1	FOUND	YES_EXACT	6	[-1, 0, 0, 0, 0]	4	1	LLL + Fincke-Pohst / Kannan-style ellipsoid search [BigFloat-safe]
59	61	5	1	[1, 2, 3, 4, 5]	5	2	FOUND	YES_EXACT	6	[-1, 0, 0, 0, -1]	16	1	LLL + Fincke-Pohst / Kannan-style ellipsoid search [BigFloat-safe]
59	61	5	1	[1, 2, 3, 4, 5]	5	3	FOUND	YES_EXACT	15	[-1, 0, -1, -1, -1]	64	1	LLL + Fincke-Pohst / Kannan-style ellipsoid search [BigFloat-safe]
59	61	5	1	[1, 2, 3, 4, 5]	5	4	FOUND	YES_EXACT	8	[-2, 1, 0, -1, -4]	256	1	LLL + Fincke-Pohst / Kannan-style ellipsoid search [BigFloat-safe]
59	61	5	1	[1, 2, 3, 4, 5]	5	5	FOUND	YES_EXACT	6	[-6, 0, -1, -1, -8]	1024	1	LLL + Fincke-Pohst / Kannan-style ellipsoid search [BigFloat-safe]
59	62	5	1	[1, 2, 3, 4, 5]	5	0	NOT_FOUND	NO_EXACT	6		nothing	nothing	LLL + Fincke-Pohst / Kannan-style ellipsoid search [BigFloat-safe]
59	62	5	1	[1, 2, 3, 4, 5]	5	1	FOUND	YES_EXACT	6	[-1, 0, 0, 0, 0]	4	1	LLL + Fincke-Pohst / Kannan-style ellipsoid search [BigFloat-safe]
59	62	5	1	[1, 2, 3, 4, 5]	5	2	FOUND	YES_EXACT	6	[-1, 0, 0, -1, 0]	16	1	LLL + Fincke-Pohst / Kannan-style ellipsoid search [BigFloat-safe]
59	62	5	1	[1, 2, 3, 4, 5]	5	3	FOUND	YES_EXACT	21	[1, -2, 0, -1, -1]	64	1	LLL + Fincke-Pohst / Kannan-style ellipsoid search [BigFloat-safe]
59	62	5	1	[1, 2, 3, 4, 5]	5	4	FOUND	YES_EXACT	6	[-1, 0, 0, -2, -3]	256	1	LLL + Fincke-Pohst / Kannan-style ellipsoid search [BigFloat-safe]
59	62	5	1	[1, 2, 3, 4, 5]	5	5	FOUND	YES_EXACT	6	[-1, 0, 0, -1, -7]	1024	1	LLL + Fincke-Pohst / Kannan-style ellipsoid search [BigFloat-safe]
59	63	5	1	[1, 2, 3, 4, 5]	5	0	NOT_FOUND	NO_EXACT	6		nothing	nothing	LLL + Fincke-Pohst / Kannan-style ellipsoid search [BigFloat-safe]
59	63	5	1	[1, 2, 3, 4, 5]	5	1	FOUND	YES_EXACT	6	[-1, 0, 0, 0, 0]	4	1	LLL + Fincke-Pohst / Kannan-style ellipsoid search [BigFloat-safe]
59	63	5	1	[1, 2, 3, 4, 5]	5	2	FOUND	YES_EXACT	11	[0, 0, -1, 1, 0]	16	1	LLL + Fincke-Pohst / Kannan-style ellipsoid search [BigFloat-safe]
59	63	5	1	[1, 2, 3, 4, 5]	5	3	FOUND	YES_EXACT	6	[-1, 0, -1, 1, -2]	64	1	LLL + Fincke-Pohst / Kannan-style ellipsoid search [BigFloat-safe]
59	63	5	1	[1, 2, 3, 4, 5]	5	4	FOUND	YES_EXACT	15	[-1, -1, -2, 2, -4]	256	1	LLL + Fincke-Pohst / Kannan-style ellipsoid search [BigFloat-safe]
59	63	5	1	[1, 2, 3, 4, 5]	5	5	FOUND	YES_EXACT	8	[-1, -2, -5, 3, -8]	1024	1	LLL + Fincke-Pohst / Kannan-style ellipsoid search [BigFloat-safe]
59	64	5	2	[2, 3, 4, 5]	4	0	NOT_FOUND	NO_EXACT	6		nothing	nothing	LLL + Fincke-Pohst / Kannan-style ellipsoid search [BigFloat-safe]
59	64	5	2	[2, 3, 4, 5]	4	1	NOT_FOUND	NO_EXACT	6		nothing	nothing	LLL + Fincke-Pohst / Kannan-style ellipsoid search [BigFloat-safe]
59	64	5	2	[2, 3, 4, 5]	4	2	FOUND	YES_EXACT	6	[0, -1, 0, -1, 0]	16	1	LLL + Fincke-Pohst / Kannan-style ellipsoid search [BigFloat-safe]
59	64	5	2	[2, 3, 4, 5]	4	3	FOUND	YES_EXACT	6	[-1, -1, -1, -1, -1]	64	1	LLL + Fincke-Pohst / Kannan-style ellipsoid search [BigFloat-safe]
59	64	5	2	[2, 3, 4, 5]	4	4	FOUND	YES_EXACT	6	[-2, 1, -1, -1, -3]	256	1	LLL + Fincke-Pohst / Kannan-style ellipsoid search [BigFloat-safe]
59	64	5	2	[2, 3, 4, 5]	4	5	FOUND	YES_EXACT	12	[0, 3, -1, 1, -7]	1024	1	LLL + Fincke-Pohst / Kannan-style ellipsoid search [BigFloat-safe]
59	65	5	1	[1, 2, 3, 4, 5]	5	0	NOT_FOUND	NO_EXACT	6		nothing	nothing	LLL + Fincke-Pohst / Kannan-style ellipsoid search [BigFloat-safe]
59	65	5	1	[1, 2, 3, 4, 5]	5	1	FOUND	YES_EXACT	6	[-1, -1, 0, 0, 0]	4	1	LLL + Fincke-Pohst / Kannan-style ellipsoid search [BigFloat-safe]
59	65	5	1	[1, 2, 3, 4, 5]	5	2	FOUND	YES_EXACT	6	[-1, -1, -1, 0, 0]	16	1	LLL + Fincke-Pohst / Kannan-style ellipsoid search [BigFloat-safe]
59	65	5	1	[1, 2, 3, 4, 5]	5	3	FOUND	YES_EXACT	250	[-2, -2, -1, -1, 0]	64	1	LLL + Fincke-Pohst / Kannan-style ellipsoid search [BigFloat-safe]
59	65	5	1	[1, 2, 3, 4, 5]	5	4	FOUND	YES_EXACT	689	[-1, 1, 1, -3, -2]	256	1	LLL + Fincke-Pohst / Kannan-style ellipsoid search [BigFloat-safe]
59	65	5	1	[1, 2, 3, 4, 5]	5	5	FOUND	YES_EXACT	430	[-2, 1, 0, -4, -6]	1024	1	LLL + Fincke-Pohst / Kannan-style ellipsoid search [BigFloat-safe]
59	66	5	1	[1, 2, 3, 4, 5]	5	0	NOT_FOUND	NO_EXACT	6		nothing	nothing	LLL + Fincke-Pohst / Kannan-style ellipsoid search [BigFloat-safe]
59	66	5	1	[1, 2, 3, 4, 5]	5	1	FOUND	YES_EXACT	6	[0, -1, 0, 0, 0]	4	1	LLL + Fincke-Pohst / Kannan-style ellipsoid search [BigFloat-safe]
59	66	5	1	[1, 2, 3, 4, 5]	5	2	FOUND	YES_EXACT	21	[0, -1, -1, 0, 0]	16	1	LLL + Fincke-Pohst / Kannan-style ellipsoid search [BigFloat-safe]
59	66	5	1	[1, 2, 3, 4, 5]	5	3	FOUND	YES_EXACT	6	[0, -1, 0, 0, -1]	64	1	LLL + Fincke-Pohst / Kannan-style ellipsoid search [BigFloat-safe]
59	66	5	1	[1, 2, 3, 4, 5]	5	4	FOUND	YES_EXACT	30	[0, -1, -1, 0, -2]	256	1	LLL + Fincke-Pohst / Kannan-style ellipsoid search [BigFloat-safe]
59	66	5	1	[1, 2, 3, 4, 5]	5	5	FOUND	YES_EXACT	12	[1, 1, -3, -2, -4]	1024	1	LLL + Fincke-Pohst / Kannan-style ellipsoid search [BigFloat-safe]
59	67	5	2	[2, 3, 4, 5]	4	0	NOT_FOUND	NO_EXACT	6		nothing	nothing	LLL + Fincke-Pohst / Kannan-style ellipsoid search [BigFloat-safe]
59	67	5	2	[2, 3, 4, 5]	4	1	NOT_FOUND	NO_EXACT	6		nothing	nothing	LLL + Fincke-Pohst / Kannan-style ellipsoid search [BigFloat-safe]
59	67	5	2	[2, 3, 4, 5]	4	2	FOUND	YES_EXACT	6	[-1, -1, -1, 0, -1]	16	1	LLL + Fincke-Pohst / Kannan-style ellipsoid search [BigFloat-safe]
59	67	5	2	[2, 3, 4, 5]	4	3	FOUND	YES_EXACT	6	[-2, -3, -1, -1, -2]	64	1	LLL + Fincke-Pohst / Kannan-style ellipsoid search [BigFloat-safe]
59	67	5	2	[2, 3, 4, 5]	4	4	FOUND	YES_EXACT	6	[-3, -6, -2, -3, -3]	256	1	LLL + Fincke-Pohst / Kannan-style ellipsoid search [BigFloat-safe]
59	67	5	2	[2, 3, 4, 5]	4	5	FOUND	YES_EXACT	39	[-7, -12, -4, -6, -7]	1024	1	LLL + Fincke-Pohst / Kannan-style ellipsoid search [BigFloat-safe]
59	68	5	1	[1, 2, 3, 4, 5]	5	0	NOT_FOUND	NO_EXACT	6		nothing	nothing	LLL + Fincke-Pohst / Kannan-style ellipsoid search [BigFloat-safe]
59	68	5	1	[1, 2, 3, 4, 5]	5	1	FOUND	YES_EXACT	6	[-1, 0, 0, 0, 0]	4	1	LLL + Fincke-Pohst / Kannan-style ellipsoid search [BigFloat-safe]
59	68	5	1	[1, 2, 3, 4, 5]	5	2	FOUND	YES_EXACT	6	[0, -1, -1, -1, 0]	16	1	LLL + Fincke-Pohst / Kannan-style ellipsoid search [BigFloat-safe]
59	68	5	1	[1, 2, 3, 4, 5]	5	3	FOUND	YES_EXACT	6	[-1, -1, -1, -1, -1]	64	1	LLL + Fincke-Pohst / Kannan-style ellipsoid search [BigFloat-safe]
59	68	5	1	[1, 2, 3, 4, 5]	5	4	FOUND	YES_EXACT	15	[-3, -2, -1, -2, -2]	256	1	LLL + Fincke-Pohst / Kannan-style ellipsoid search [BigFloat-safe]
59	68	5	1	[1, 2, 3, 4, 5]	5	5	FOUND	YES_EXACT	6	[-3, -3, -2, -5, -4]	1024	1	LLL + Fincke-Pohst / Kannan-style ellipsoid search [BigFloat-safe]
59	69	5	1	[1, 3, 4, 5]	4	0	NOT_FOUND	NO_EXACT	6		nothing	nothing	LLL + Fincke-Pohst / Kannan-style ellipsoid search [BigFloat-safe]
59	69	5	1	[1, 3, 4, 5]	4	1	FOUND	YES_EXACT	6	[-1, -1, 0, 0, 0]	4	1	LLL + Fincke-Pohst / Kannan-style ellipsoid search [BigFloat-safe]
59	69	5	1	[1, 3, 4, 5]	4	2	NOT_FOUND	NO_EXACT	52		nothing	nothing	LLL + Fincke-Pohst / Kannan-style ellipsoid search [BigFloat-safe]
59	69	5	1	[1, 3, 4, 5]	4	3	FOUND	YES_EXACT	17	[-3, -3, 1, 0, -1]	64	1	LLL + Fincke-Pohst / Kannan-style ellipsoid search [BigFloat-safe]
59	69	5	1	[1, 3, 4, 5]	4	4	FOUND	YES_EXACT	8	[-6, -5, -1, -1, -2]	256	1	LLL + Fincke-Pohst / Kannan-style ellipsoid search [BigFloat-safe]
59	69	5	1	[1, 3, 4, 5]	4	5	FOUND	YES_EXACT	16	[-10, -7, 0, -1, -5]	1024	1	LLL + Fincke-Pohst / Kannan-style ellipsoid search [BigFloat-safe]
59	70	5	1	[1, 2, 3, 4, 5]	5	0	NOT_FOUND	NO_EXACT	6		nothing	nothing	LLL + Fincke-Pohst / Kannan-style ellipsoid search [BigFloat-safe]
59	70	5	1	[1, 2, 3, 4, 5]	5	1	FOUND	YES_EXACT	6	[-1, 0, 0, 0, 0]	4	1	LLL + Fincke-Pohst / Kannan-style ellipsoid search [BigFloat-safe]
59	70	5	1	[1, 2, 3, 4, 5]	5	2	FOUND	YES_EXACT	6	[0, 0, 0, -1, 0]	16	1	LLL + Fincke-Pohst / Kannan-style ellipsoid search [BigFloat-safe]
59	70	5	1	[1, 2, 3, 4, 5]	5	3	FOUND	YES_EXACT	10	[-1, 1, 0, -2, 0]	64	1	LLL + Fincke-Pohst / Kannan-style ellipsoid search [BigFloat-safe]
59	70	5	1	[1, 2, 3, 4, 5]	5	4	FOUND	YES_EXACT	6	[-1, 0, -2, -4, -1]	256	1	LLL + Fincke-Pohst / Kannan-style ellipsoid search [BigFloat-safe]
59	70	5	1	[1, 2, 3, 4, 5]	5	5	FOUND	YES_EXACT	19	[-1, 0, -2, -8, -3]	1024	1	LLL + Fincke-Pohst / Kannan-style ellipsoid search [BigFloat-safe]
59	71	5	1	[1, 3, 4, 5]	4	0	NOT_FOUND	NO_EXACT	6		nothing	nothing	LLL + Fincke-Pohst / Kannan-style ellipsoid search [BigFloat-safe]
59	71	5	1	[1, 3, 4, 5]	4	1	FOUND	YES_EXACT	6	[-1, 0, 0, 0, 0]	4	1	LLL + Fincke-Pohst / Kannan-style ellipsoid search [BigFloat-safe]
59	71	5	1	[1, 3, 4, 5]	4	2	NOT_FOUND	NO_EXACT	42		nothing	nothing	LLL + Fincke-Pohst / Kannan-style ellipsoid search [BigFloat-safe]
59	71	5	1	[1, 3, 4, 5]	4	3	FOUND	YES_EXACT	6	[-3, 0, -1, -1, 0]	64	1	LLL + Fincke-Pohst / Kannan-style ellipsoid search [BigFloat-safe]
59	71	5	1	[1, 3, 4, 5]	4	4	FOUND	YES_EXACT	6	[-2, 0, -1, -3, 1]	256	1	LLL + Fincke-Pohst / Kannan-style ellipsoid search [BigFloat-safe]
59	71	5	1	[1, 3, 4, 5]	4	5	FOUND	YES_EXACT	8	[0, 0, 1, -7, 2]	1024	1	LLL + Fincke-Pohst / Kannan-style ellipsoid search [BigFloat-safe]
59	72	5	1	[1, 3, 4, 5]	4	0	NOT_FOUND	NO_EXACT	6		nothing	nothing	LLL + Fincke-Pohst / Kannan-style ellipsoid search [BigFloat-safe]
59	72	5	1	[1, 3, 4, 5]	4	1	FOUND	YES_EXACT	6	[-1, 0, 0, 0, 0]	4	1	LLL + Fincke-Pohst / Kannan-style ellipsoid search [BigFloat-safe]
59	72	5	1	[1, 3, 4, 5]	4	2	NOT_FOUND	NO_EXACT	50		nothing	nothing	LLL + Fincke-Pohst / Kannan-style ellipsoid search [BigFloat-safe]
59	72	5	1	[1, 3, 4, 5]	4	3	FOUND	YES_EXACT	34	[-3, 1, 0, -1, 0]	64	1	LLL + Fincke-Pohst / Kannan-style ellipsoid search [BigFloat-safe]
59	72	5	1	[1, 3, 4, 5]	4	4	FOUND	YES_EXACT	6	[-1, 1, 0, -3, 0]	256	1	LLL + Fincke-Pohst / Kannan-style ellipsoid search [BigFloat-safe]
59	72	5	1	[1, 3, 4, 5]	4	5	FOUND	YES_EXACT	9	[1, 2, -2, -7, 3]	1024	1	LLL + Fincke-Pohst / Kannan-style ellipsoid search [BigFloat-safe]
59	73	5	1	[1, 3, 4, 5]	4	0	NOT_FOUND	NO_EXACT	6		nothing	nothing	LLL + Fincke-Pohst / Kannan-style ellipsoid search [BigFloat-safe]
59	73	5	1	[1, 3, 4, 5]	4	1	FOUND	YES_EXACT	6	[0, -1, 0, 0, 0]	4	1	LLL + Fincke-Pohst / Kannan-style ellipsoid search [BigFloat-safe]
59	73	5	1	[1, 3, 4, 5]	4	2	NOT_FOUND	NO_EXACT	40		nothing	nothing	LLL + Fincke-Pohst / Kannan-style ellipsoid search [BigFloat-safe]
59	73	5	1	[1, 3, 4, 5]	4	3	FOUND	YES_EXACT	6	[-1, 0, -1, -1, -1]	64	1	LLL + Fincke-Pohst / Kannan-style ellipsoid search [BigFloat-safe]
59	73	5	1	[1, 3, 4, 5]	4	4	FOUND	YES_EXACT	6	[-1, -1, -1, -3, -2]	256	1	LLL + Fincke-Pohst / Kannan-style ellipsoid search [BigFloat-safe]
59	73	5	1	[1, 3, 4, 5]	4	5	FOUND	YES_EXACT	10	[-2, 2, 0, -6, -5]	1024	1	LLL + Fincke-Pohst / Kannan-style ellipsoid search [BigFloat-safe]
59	74	5	1	[1, 2, 3, 4, 5]	5	0	NOT_FOUND	NO_EXACT	6		nothing	nothing	LLL + Fincke-Pohst / Kannan-style ellipsoid search [BigFloat-safe]
59	74	5	1	[1, 2, 3, 4, 5]	5	1	FOUND	YES_EXACT	6	[0, -1, 0, 0, 0]	4	1	LLL + Fincke-Pohst / Kannan-style ellipsoid search [BigFloat-safe]
59	74	5	1	[1, 2, 3, 4, 5]	5	2	FOUND	YES_EXACT	6	[-1, 0, -1, -1, 0]	16	1	LLL + Fincke-Pohst / Kannan-style ellipsoid search [BigFloat-safe]
59	74	5	1	[1, 2, 3, 4, 5]	5	3	FOUND	YES_EXACT	7	[-1, 0, 0, 0, -1]	64	1	LLL + Fincke-Pohst / Kannan-style ellipsoid search [BigFloat-safe]
59	74	5	1	[1, 2, 3, 4, 5]	5	4	FOUND	YES_EXACT	6	[-1, 0, -1, -1, -2]	256	1	LLL + Fincke-Pohst / Kannan-style ellipsoid search [BigFloat-safe]
59	74	5	1	[1, 2, 3, 4, 5]	5	5	FOUND	YES_EXACT	10	[-3, 1, -2, -2, -4]	1024	1	LLL + Fincke-Pohst / Kannan-style ellipsoid search [BigFloat-safe]
